,Time,Logtype,Gamemode,Points,Heartrate,physDifficulty,psyStress,psyDifficulty,obstacle,logID,timedelta
0,0.01,CONTINUOUS,MOVEMENTTUTORIAL,0.0,115.0,MEDIUM,undef,MEDIUM,none,0,0 days 00:00:00.010000000
1,1.02,CONTINUOUS,MOVEMENTTUTORIAL,0.0,118.0,MEDIUM,undef,MEDIUM,none,0,0 days 00:00:01.020000000
2,2.02,CONTINUOUS,MOVEMENTTUTORIAL,0.0,121.0,MEDIUM,undef,MEDIUM,none,0,0 days 00:00:02.020000000
3,3.03,CONTINUOUS,MOVEMENTTUTORIAL,0.0,119.0,MEDIUM,undef,MEDIUM,none,0,0 days 00:00:03.030000000
4,4.04,CONTINUOUS,MOVEMENTTUTORIAL,0.0,121.0,MEDIUM,undef,MEDIUM,none,0,0 days 00:00:04.040000000
5,5.04,CONTINUOUS,MOVEMENTTUTORIAL,0.0,125.0,MEDIUM,undef,MEDIUM,none,0,0 days 00:00:05.040000000
6,6.04,CONTINUOUS,PLAYING,0.0,127.0,MEDIUM,undef,MEDIUM,none,0,0 days 00:00:06.040000000
7,7.05,CONTINUOUS,PLAYING,0.0,130.0,MEDIUM,undef,MEDIUM,none,0,0 days 00:00:07.050000000
8,8.05,CONTINUOUS,PLAYING,0.0,132.0,MEDIUM,undef,MEDIUM,none,0,0 days 00:00:08.050000000
9,9.07,CONTINUOUS,PLAYING,0.0,135.0,MEDIUM,undef,MEDIUM,none,0,0 days 00:00:09.070000000
10,10.09,CONTINUOUS,PLAYING,0.0,137.0,MEDIUM,undef,MEDIUM,none,0,0 days 00:00:10.090000000
11,11.09,CONTINUOUS,PLAYING,0.0,140.0,MEDIUM,undef,MEDIUM,none,0,0 days 00:00:11.090000000
12,12.09,CONTINUOUS,PLAYING,0.0,142.0,MEDIUM,undef,MEDIUM,none,0,0 days 00:00:12.090000000
13,13.09,CONTINUOUS,PLAYING,0.0,141.0,MEDIUM,undef,MEDIUM,none,0,0 days 00:00:13.090000000
14,13.67,EVENT_OBSTACLE,PLAYING,0.0,142.0,MEDIUM,undef,MEDIUM,"TOPLEFT, BOTTOMLEFT, MIDDLE",0,0 days 00:00:13.670000000
15,14.09,CONTINUOUS,PLAYING,0.0,142.0,MEDIUM,undef,MEDIUM,none,0,0 days 00:00:14.090000000
16,15.09,CONTINUOUS,PLAYING,0.0,142.0,MEDIUM,undef,MEDIUM,none,0,0 days 00:00:15.090000000
17,16.11,CONTINUOUS,PLAYING,0.0,141.0,MEDIUM,undef,MEDIUM,none,0,0 days 00:00:16.110000000
18,16.11,EVENT_PICKUP,PLAYING,0.0,141.0,MEDIUM,undef,MEDIUM,none,0,0 days 00:00:16.110000000
19,16.29,EVENT_OBSTACLE,PLAYING,0.0,141.0,MEDIUM,undef,MEDIUM,"TOPRIGHT, BOTTOMLEFT, MIDDLE",0,0 days 00:00:16.290000000
20,17.11,CONTINUOUS,PLAYING,100.0,143.0,MEDIUM,undef,MEDIUM,none,0,0 days 00:00:17.110000000
21,18.11,CONTINUOUS,PLAYING,100.0,142.0,MEDIUM,undef,MEDIUM,none,0,0 days 00:00:18.110000000
22,18.91,EVENT_OBSTACLE,PLAYING,100.0,143.0,MEDIUM,undef,MEDIUM,"TOPRIGHT, BOTTOMRIGHT, MIDDLE",0,0 days 00:00:18.910000000
23,19.13,CONTINUOUS,PLAYING,100.0,143.0,MEDIUM,undef,MEDIUM,none,0,0 days 00:00:19.130000000
24,20.13,CONTINUOUS,PLAYING,100.0,143.0,MEDIUM,undef,MEDIUM,none,0,0 days 00:00:20.130000000
25,21.13,CONTINUOUS,PLAYING,100.0,144.0,MEDIUM,undef,MEDIUM,none,0,0 days 00:00:21.130000000
26,21.35,EVENT_PICKUP,PLAYING,100.0,144.0,MEDIUM,undef,MEDIUM,none,0,0 days 00:00:21.350000000
27,21.53,EVENT_OBSTACLE,PLAYING,100.0,144.0,MEDIUM,undef,MEDIUM,"TOPLEFT, BOTTOMLEFT, MIDDLE",0,0 days 00:00:21.530000000
28,22.13,CONTINUOUS,PLAYING,100.0,144.0,MEDIUM,undef,MEDIUM,none,0,0 days 00:00:22.130000000
29,23.13,CONTINUOUS,PLAYING,200.0,144.0,MEDIUM,undef,MEDIUM,none,0,0 days 00:00:23.130000000
30,23.95,EVENT_PICKUP,PLAYING,200.0,145.0,MEDIUM,undef,MEDIUM,none,0,0 days 00:00:23.950000000
31,24.13,CONTINUOUS,PLAYING,200.0,145.0,MEDIUM,undef,MEDIUM,none,0,0 days 00:00:24.130000000
32,24.13,EVENT_OBSTACLE,PLAYING,200.0,145.0,MEDIUM,undef,MEDIUM,"TOPRIGHT, BOTTOMLEFT, MIDDLE",0,0 days 00:00:24.130000000
33,25.14,CONTINUOUS,PLAYING,300.0,145.0,MEDIUM,undef,MEDIUM,none,0,0 days 00:00:25.140000000
34,26.14,CONTINUOUS,PLAYING,300.0,145.0,MEDIUM,undef,MEDIUM,none,0,0 days 00:00:26.140000000
35,26.69,EVENT_PICKUP,PLAYING,300.0,146.0,MEDIUM,undef,MEDIUM,none,0,0 days 00:00:26.690000000
36,26.77,EVENT_OBSTACLE,PLAYING,300.0,146.0,MEDIUM,undef,MEDIUM,"TOPRIGHT, BOTTOMLEFT, MIDDLE",0,0 days 00:00:26.770000000
37,27.14,CONTINUOUS,PLAYING,300.0,146.0,MEDIUM,undef,MEDIUM,none,0,0 days 00:00:27.140000000
38,28.14,CONTINUOUS,PLAYING,400.0,146.0,MEDIUM,undef,MEDIUM,none,0,0 days 00:00:28.140000000
39,29.15,CONTINUOUS,PLAYING,400.0,144.0,MEDIUM,undef,MEDIUM,none,0,0 days 00:00:29.150000000
40,29.39,EVENT_OBSTACLE,PLAYING,400.0,143.0,MEDIUM,undef,MEDIUM,"TOPRIGHT, BOTTOMRIGHT, MIDDLE",0,0 days 00:00:29.390000000
41,30.16,CONTINUOUS,PLAYING,400.0,143.0,MEDIUM,undef,MEDIUM,none,0,0 days 00:00:30.160000000
42,31.16,CONTINUOUS,PLAYING,400.0,142.0,MEDIUM,undef,MEDIUM,none,0,0 days 00:00:31.160000000
43,31.96,EVENT_CRASH,PLAYING,350.0,143.0,MEDIUM,undef,MEDIUM,"TOPRIGHT, BOTTOMRIGHT, MIDDLE",0,0 days 00:00:31.960000000
44,32.17,CONTINUOUS,PLAYING,350.0,143.0,MEDIUM,undef,MEDIUM,none,0,0 days 00:00:32.170000000
45,33.17,CONTINUOUS,PLAYING,350.0,143.0,MEDIUM,undef,MEDIUM,none,0,0 days 00:00:33.170000000
46,34.18,CONTINUOUS,PLAYING,350.0,143.0,MEDIUM,undef,MEDIUM,none,0,0 days 00:00:34.180000000
47,34.63,EVENT_OBSTACLE,PLAYING,350.0,143.0,MEDIUM,undef,MEDIUM,"TOPLEFT, BOTTOMLEFT, MIDDLE",0,0 days 00:00:34.630000000
48,35.19,CONTINUOUS,PLAYING,350.0,143.0,MEDIUM,undef,MEDIUM,none,0,0 days 00:00:35.190000000
49,36.19,CONTINUOUS,PLAYING,350.0,140.0,MEDIUM,undef,MEDIUM,none,0,0 days 00:00:36.190000000
50,37.04,EVENT_PICKUP,PLAYING,350.0,139.0,MEDIUM,undef,MEDIUM,none,0,0 days 00:00:37.040000000
51,37.2,CONTINUOUS,PLAYING,350.0,139.0,MEDIUM,undef,MEDIUM,none,0,0 days 00:00:37.200000000
52,37.25,EVENT_OBSTACLE,PLAYING,350.0,139.0,MEDIUM,undef,MEDIUM,"TOPRIGHT, BOTTOMLEFT, MIDDLE",0,0 days 00:00:37.250000000
53,38.2,CONTINUOUS,PLAYING,450.0,137.0,MEDIUM,undef,MEDIUM,none,0,0 days 00:00:38.200000000
54,39.21,CONTINUOUS,PLAYING,450.0,134.0,MEDIUM,undef,MEDIUM,none,0,0 days 00:00:39.210000000
55,39.86,EVENT_OBSTACLE,PLAYING,450.0,135.0,MEDIUM,undef,MEDIUM,"TOPRIGHT, BOTTOMLEFT, MIDDLE",0,0 days 00:00:39.860000000
56,40.23,CONTINUOUS,PLAYING,450.0,135.0,MEDIUM,undef,MEDIUM,none,0,0 days 00:00:40.230000000
57,41.23,CONTINUOUS,PLAYING,450.0,135.0,MEDIUM,undef,MEDIUM,none,0,0 days 00:00:41.230000000
58,42.25,CONTINUOUS,PLAYING,450.0,136.0,MEDIUM,undef,MEDIUM,none,0,0 days 00:00:42.250000000
59,42.43,EVENT_PICKUP,PLAYING,450.0,137.0,MEDIUM,undef,MEDIUM,none,0,0 days 00:00:42.430000000
60,42.48,EVENT_OBSTACLE,PLAYING,450.0,137.0,MEDIUM,undef,MEDIUM,"TOPLEFT, BOTTOMRIGHT, MIDDLE",0,0 days 00:00:42.480000000
61,43.25,CONTINUOUS,PLAYING,450.0,137.0,MEDIUM,undef,MEDIUM,none,0,0 days 00:00:43.250000000
62,44.25,CONTINUOUS,PLAYING,550.0,136.0,MEDIUM,undef,MEDIUM,none,0,0 days 00:00:44.250000000
63,45.1,EVENT_OBSTACLE,PLAYING,550.0,136.0,MEDIUM,undef,MEDIUM,"TOPRIGHT, BOTTOMLEFT, MIDDLE",0,0 days 00:00:45.100000000
64,45.25,CONTINUOUS,PLAYING,550.0,137.0,MEDIUM,undef,MEDIUM,none,0,0 days 00:00:45.250000000
65,46.25,CONTINUOUS,PLAYING,550.0,136.0,HIGH,undef,MEDIUM,none,0,0 days 00:00:46.250000000
66,47.27,CONTINUOUS,PLAYING,550.0,136.0,MEDIUM,undef,MEDIUM,none,0,0 days 00:00:47.270000000
67,47.65,EVENT_CRASH,PLAYING,500.0,136.0,MEDIUM,undef,MEDIUM,"TOPLEFT, BOTTOMLEFT, MIDDLE",0,0 days 00:00:47.650000000
68,48.27,CONTINUOUS,PLAYING,500.0,135.0,MEDIUM,undef,MEDIUM,none,0,0 days 00:00:48.270000000
69,49.27,CONTINUOUS,PLAYING,500.0,133.0,MEDIUM,undef,MEDIUM,none,0,0 days 00:00:49.270000000
70,50.27,CONTINUOUS,PLAYING,500.0,129.0,MEDIUM,undef,MEDIUM,none,0,0 days 00:00:50.270000000
71,50.29,EVENT_CRASH,PLAYING,450.0,129.0,MEDIUM,undef,MEDIUM,"TOPRIGHT, BOTTOMLEFT, MIDDLE",0,0 days 00:00:50.290000000
72,51.29,CONTINUOUS,PLAYING,450.0,128.0,MEDIUM,undef,MEDIUM,none,0,0 days 00:00:51.290000000
73,52.29,CONTINUOUS,PLAYING,450.0,128.0,MEDIUM,undef,MEDIUM,none,0,0 days 00:00:52.290000000
74,52.57,EVENT_OBSTACLE,PLAYING,450.0,128.0,MEDIUM,undef,MEDIUM,"TOPLEFT, BOTTOMLEFT, MIDDLE",0,0 days 00:00:52.570000000
75,53.29,CONTINUOUS,PLAYING,450.0,129.0,MEDIUM,undef,MEDIUM,none,0,0 days 00:00:53.290000000
76,54.31,CONTINUOUS,PLAYING,450.0,130.0,MEDIUM,undef,MEDIUM,none,0,0 days 00:00:54.310000000
77,54.99,EVENT_OBSTACLE,PLAYING,450.0,130.0,MEDIUM,undef,MEDIUM,"TOPLEFT, TOPRIGHT, MIDDLE",0,0 days 00:00:54.990000000
78,55.31,CONTINUOUS,PLAYING,450.0,131.0,MEDIUM,undef,MEDIUM,none,0,0 days 00:00:55.310000000
79,56.31,CONTINUOUS,PLAYING,450.0,133.0,MEDIUM,undef,MEDIUM,none,0,0 days 00:00:56.310000000
80,57.21,EVENT_PICKUP,PLAYING,450.0,133.0,MEDIUM,undef,MEDIUM,none,0,0 days 00:00:57.210000000
81,57.31,CONTINUOUS,PLAYING,450.0,133.0,MEDIUM,undef,MEDIUM,none,0,0 days 00:00:57.310000000
82,57.41,EVENT_OBSTACLE,PLAYING,450.0,133.0,MEDIUM,undef,MEDIUM,"TOPLEFT, TOPRIGHT, MIDDLE",0,0 days 00:00:57.410000000
83,58.33,CONTINUOUS,PLAYING,550.0,134.0,MEDIUM,undef,MEDIUM,none,0,0 days 00:00:58.330000000
84,59.33,CONTINUOUS,PLAYING,550.0,131.0,MEDIUM,undef,MEDIUM,none,0,0 days 00:00:59.330000000
85,59.83,EVENT_OBSTACLE,PLAYING,550.0,131.0,MEDIUM,undef,MEDIUM,"TOPLEFT, TOPRIGHT, MIDDLE",0,0 days 00:00:59.830000000
86,60.35,CONTINUOUS,PLAYING,550.0,129.0,MEDIUM,undef,MEDIUM,none,0,0 days 00:01:00.350000000
87,61.35,CONTINUOUS,PLAYING,550.0,131.0,MEDIUM,undef,MEDIUM,none,0,0 days 00:01:01.350000000
88,62.27,EVENT_OBSTACLE,PLAYING,550.0,131.0,MEDIUM,undef,MEDIUM,"TOPLEFT, BOTTOMRIGHT, MIDDLE",0,0 days 00:01:02.270000000
89,62.35,CONTINUOUS,PLAYING,550.0,131.0,MEDIUM,undef,MEDIUM,none,0,0 days 00:01:02.350000000
90,63.35,CONTINUOUS,PLAYING,550.0,130.0,MEDIUM,undef,MEDIUM,none,0,0 days 00:01:03.350000000
91,64.35,CONTINUOUS,PLAYING,550.0,131.0,MEDIUM,undef,MEDIUM,none,0,0 days 00:01:04.350000000
92,64.69,EVENT_OBSTACLE,PLAYING,550.0,131.0,MEDIUM,undef,MEDIUM,"TOPLEFT, BOTTOMRIGHT, MIDDLE",0,0 days 00:01:04.690000000
93,65.37,CONTINUOUS,PLAYING,550.0,131.0,MEDIUM,undef,MEDIUM,none,0,0 days 00:01:05.370000000
94,66.37,CONTINUOUS,PLAYING,550.0,132.0,MEDIUM,undef,MEDIUM,none,0,0 days 00:01:06.370000000
95,67.11,EVENT_OBSTACLE,PLAYING,550.0,132.0,MEDIUM,undef,MEDIUM,"TOPLEFT, BOTTOMLEFT, MIDDLE",0,0 days 00:01:07.110000000
96,67.39,CONTINUOUS,PLAYING,550.0,133.0,MEDIUM,undef,MEDIUM,none,0,0 days 00:01:07.390000000
97,68.39,CONTINUOUS,PLAYING,550.0,133.0,MEDIUM,undef,MEDIUM,none,0,0 days 00:01:08.390000000
98,69.39,CONTINUOUS,PLAYING,550.0,131.0,MEDIUM,undef,MEDIUM,none,0,0 days 00:01:09.390000000
99,69.52,EVENT_OBSTACLE,PLAYING,550.0,131.0,MEDIUM,undef,MEDIUM,"TOPLEFT, BOTTOMRIGHT, MIDDLE",0,0 days 00:01:09.520000000
100,70.4,CONTINUOUS,PLAYING,550.0,130.0,MEDIUM,undef,MEDIUM,none,0,0 days 00:01:10.400000000
101,71.41,CONTINUOUS,PLAYING,550.0,131.0,MEDIUM,undef,MEDIUM,none,0,0 days 00:01:11.410000000
102,71.76,EVENT_PICKUP,PLAYING,550.0,131.0,MEDIUM,undef,MEDIUM,none,0,0 days 00:01:11.760000000
103,71.94,EVENT_OBSTACLE,PLAYING,550.0,131.0,MEDIUM,undef,MEDIUM,"TOPLEFT, BOTTOMRIGHT, MIDDLE",0,0 days 00:01:11.940000000
104,72.41,CONTINUOUS,PLAYING,550.0,133.0,MEDIUM,undef,MEDIUM,none,0,0 days 00:01:12.410000000
105,73.42,CONTINUOUS,PLAYING,650.0,133.0,MEDIUM,undef,MEDIUM,none,0,0 days 00:01:13.420000000
106,74.36,EVENT_OBSTACLE,PLAYING,650.0,134.0,MEDIUM,undef,MEDIUM,"TOPLEFT, TOPRIGHT, MIDDLE",0,0 days 00:01:14.360000000
107,74.43,CONTINUOUS,PLAYING,650.0,134.0,MEDIUM,undef,MEDIUM,none,0,0 days 00:01:14.430000000
108,75.44,CONTINUOUS,PLAYING,650.0,134.0,MEDIUM,undef,MEDIUM,none,0,0 days 00:01:15.440000000
109,76.44,CONTINUOUS,PLAYING,650.0,133.0,MEDIUM,undef,MEDIUM,none,0,0 days 00:01:16.440000000
110,76.78,EVENT_OBSTACLE,PLAYING,650.0,131.0,MEDIUM,undef,MEDIUM,"TOPLEFT, BOTTOMLEFT, MIDDLE",0,0 days 00:01:16.780000000
111,77.44,CONTINUOUS,PLAYING,650.0,131.0,MEDIUM,undef,MEDIUM,none,0,0 days 00:01:17.440000000
112,78.46,CONTINUOUS,PLAYING,650.0,129.0,MEDIUM,undef,MEDIUM,none,0,0 days 00:01:18.460000000
113,79.19,EVENT_OBSTACLE,PLAYING,650.0,130.0,MEDIUM,undef,MEDIUM,"TOPLEFT, TOPRIGHT, MIDDLE",0,0 days 00:01:19.190000000
114,79.46,CONTINUOUS,PLAYING,650.0,130.0,MEDIUM,undef,MEDIUM,none,0,0 days 00:01:19.460000000
115,80.46,CONTINUOUS,PLAYING,650.0,130.0,MEDIUM,undef,MEDIUM,none,0,0 days 00:01:20.460000000
116,81.48,CONTINUOUS,PLAYING,650.0,132.0,MEDIUM,undef,MEDIUM,none,0,0 days 00:01:21.480000000
117,81.61,EVENT_OBSTACLE,PLAYING,650.0,132.0,MEDIUM,undef,MEDIUM,"TOPLEFT, TOPRIGHT, MIDDLE",0,0 days 00:01:21.610000000
118,82.48,CONTINUOUS,PLAYING,650.0,131.0,MEDIUM,undef,MEDIUM,none,0,0 days 00:01:22.480000000
119,83.48,CONTINUOUS,PLAYING,650.0,131.0,MEDIUM,undef,MEDIUM,none,0,0 days 00:01:23.480000000
120,84.03,EVENT_OBSTACLE,PLAYING,650.0,132.0,MEDIUM,undef,MEDIUM,"TOPLEFT, TOPRIGHT, MIDDLE",0,0 days 00:01:24.030000000
121,84.49,CONTINUOUS,PLAYING,650.0,132.0,MEDIUM,undef,MEDIUM,none,0,0 days 00:01:24.490000000
122,85.5,CONTINUOUS,PLAYING,650.0,130.0,MEDIUM,undef,MEDIUM,none,0,0 days 00:01:25.500000000
123,86.45,EVENT_OBSTACLE,PLAYING,650.0,127.0,MEDIUM,undef,MEDIUM,"TOPLEFT, BOTTOMLEFT, MIDDLE",0,0 days 00:01:26.450000000
124,86.5,CONTINUOUS,PLAYING,650.0,127.0,MEDIUM,undef,MEDIUM,none,0,0 days 00:01:26.500000000
125,87.5,CONTINUOUS,PLAYING,650.0,126.0,MEDIUM,undef,MEDIUM,none,0,0 days 00:01:27.500000000
126,88.52,CONTINUOUS,PLAYING,650.0,125.0,MEDIUM,undef,MEDIUM,none,0,0 days 00:01:28.520000000
127,88.87,EVENT_OBSTACLE,PLAYING,650.0,124.0,MEDIUM,undef,MEDIUM,"TOPRIGHT, BOTTOMRIGHT, MIDDLE",0,0 days 00:01:28.870000000
128,89.54,CONTINUOUS,PLAYING,650.0,124.0,MEDIUM,undef,MEDIUM,none,0,0 days 00:01:29.540000000
129,90.54,CONTINUOUS,PLAYING,650.0,125.0,MEDIUM,undef,MEDIUM,none,0,0 days 00:01:30.540000000
130,91.1,EVENT_PICKUP,PLAYING,650.0,127.0,MEDIUM,undef,MEDIUM,none,0,0 days 00:01:31.100000000
131,91.29,EVENT_OBSTACLE,PLAYING,650.0,127.0,MEDIUM,undef,MEDIUM,"TOPRIGHT, BOTTOMRIGHT, MIDDLE",0,0 days 00:01:31.290000000
132,91.54,CONTINUOUS,PLAYING,650.0,127.0,MEDIUM,undef,MEDIUM,none,0,0 days 00:01:31.540000000
133,92.56,CONTINUOUS,PLAYING,750.0,130.0,MEDIUM,undef,MEDIUM,none,0,0 days 00:01:32.560000000
134,93.56,CONTINUOUS,PLAYING,750.0,131.0,MEDIUM,undef,MEDIUM,none,0,0 days 00:01:33.560000000
135,93.64,EVENT_CRASH,PLAYING,700.0,131.0,MEDIUM,undef,MEDIUM,"TOPRIGHT, BOTTOMLEFT, MIDDLE",0,0 days 00:01:33.640000000
136,94.58,CONTINUOUS,PLAYING,700.0,131.0,MEDIUM,undef,MEDIUM,none,0,0 days 00:01:34.580000000
137,95.58,CONTINUOUS,PLAYING,700.0,132.0,MEDIUM,undef,MEDIUM,none,0,0 days 00:01:35.580000000
138,96.08,EVENT_CRASH,PLAYING,650.0,134.0,MEDIUM,undef,MEDIUM,"TOPRIGHT, BOTTOMLEFT, MIDDLE",0,0 days 00:01:36.080000000
139,96.59,CONTINUOUS,PLAYING,650.0,134.0,MEDIUM,undef,MEDIUM,none,0,0 days 00:01:36.590000000
140,97.59,CONTINUOUS,PLAYING,650.0,132.0,MEDIUM,undef,MEDIUM,none,0,0 days 00:01:37.590000000
141,98.56,EVENT_OBSTACLE,PLAYING,650.0,132.0,MEDIUM,undef,MEDIUM,"TOPRIGHT, BOTTOMLEFT, MIDDLE",0,0 days 00:01:38.560000000
142,98.59,CONTINUOUS,PLAYING,650.0,132.0,MEDIUM,undef,MEDIUM,none,0,0 days 00:01:38.590000000
143,99.6,CONTINUOUS,PLAYING,650.0,130.0,MEDIUM,undef,MEDIUM,none,0,0 days 00:01:39.600000000
144,100.6,CONTINUOUS,PLAYING,650.0,130.0,MEDIUM,undef,MEDIUM,none,0,0 days 00:01:40.600000000
145,100.98,EVENT_OBSTACLE,PLAYING,650.0,131.0,MEDIUM,undef,MEDIUM,"TOPLEFT, TOPRIGHT, MIDDLE",0,0 days 00:01:40.980000000
146,101.6,CONTINUOUS,PLAYING,650.0,131.0,MEDIUM,undef,MEDIUM,none,0,0 days 00:01:41.600000000
147,102.6,CONTINUOUS,PLAYING,650.0,136.0,MEDIUM,undef,MEDIUM,none,0,0 days 00:01:42.600000000
148,103.4,EVENT_OBSTACLE,PLAYING,650.0,136.0,MEDIUM,undef,MEDIUM,"TOPRIGHT, BOTTOMLEFT, MIDDLE",0,0 days 00:01:43.400000000
149,103.6,CONTINUOUS,PLAYING,650.0,137.0,MEDIUM,undef,MEDIUM,none,0,0 days 00:01:43.600000000
150,104.62,CONTINUOUS,PLAYING,650.0,137.0,MEDIUM,undef,MEDIUM,none,0,0 days 00:01:44.620000000
151,105.62,CONTINUOUS,PLAYING,650.0,137.0,MEDIUM,undef,MEDIUM,none,0,0 days 00:01:45.620000000
152,105.82,EVENT_OBSTACLE,PLAYING,650.0,137.0,MEDIUM,undef,MEDIUM,"TOPRIGHT, BOTTOMLEFT, MIDDLE",0,0 days 00:01:45.820000000
153,106.62,CONTINUOUS,PLAYING,650.0,135.0,MEDIUM,undef,MEDIUM,none,0,0 days 00:01:46.620000000
154,107.62,CONTINUOUS,PLAYING,650.0,132.0,MEDIUM,undef,MEDIUM,none,0,0 days 00:01:47.620000000
155,108.04,EVENT_PICKUP,PLAYING,650.0,132.0,MEDIUM,undef,MEDIUM,none,0,0 days 00:01:48.040000000
156,108.24,EVENT_OBSTACLE,PLAYING,650.0,132.0,MEDIUM,undef,MEDIUM,"TOPLEFT, BOTTOMLEFT, MIDDLE",0,0 days 00:01:48.240000000
157,108.64,CONTINUOUS,PLAYING,650.0,129.0,MEDIUM,undef,MEDIUM,none,0,0 days 00:01:48.640000000
158,109.64,CONTINUOUS,PLAYING,750.0,129.0,MEDIUM,undef,MEDIUM,none,0,0 days 00:01:49.640000000
159,110.64,CONTINUOUS,PLAYING,750.0,129.0,MEDIUM,undef,MEDIUM,none,0,0 days 00:01:50.640000000
160,110.66,EVENT_OBSTACLE,PLAYING,750.0,129.0,MEDIUM,undef,MEDIUM,"TOPLEFT, BOTTOMLEFT, MIDDLE",0,0 days 00:01:50.660000000
161,111.64,CONTINUOUS,PLAYING,750.0,129.0,MEDIUM,undef,MEDIUM,none,0,0 days 00:01:51.640000000
162,112.64,CONTINUOUS,PLAYING,750.0,131.0,MEDIUM,undef,MEDIUM,none,0,0 days 00:01:52.640000000
163,113.09,EVENT_OBSTACLE,PLAYING,750.0,131.0,MEDIUM,undef,MEDIUM,"TOPLEFT, BOTTOMRIGHT, MIDDLE",0,0 days 00:01:53.090000000
164,113.64,CONTINUOUS,PLAYING,750.0,132.0,MEDIUM,undef,MEDIUM,none,0,0 days 00:01:53.640000000
165,114.64,CONTINUOUS,PLAYING,750.0,131.0,MEDIUM,undef,MEDIUM,none,0,0 days 00:01:54.640000000
166,115.33,EVENT_PICKUP,PLAYING,750.0,131.0,MEDIUM,undef,MEDIUM,none,0,0 days 00:01:55.330000000
167,115.51,EVENT_OBSTACLE,PLAYING,750.0,131.0,MEDIUM,undef,MEDIUM,"TOPLEFT, BOTTOMLEFT, MIDDLE",0,0 days 00:01:55.510000000
168,115.66,CONTINUOUS,PLAYING,750.0,128.0,MEDIUM,undef,MEDIUM,none,0,0 days 00:01:55.660000000
169,116.66,CONTINUOUS,PLAYING,850.0,128.0,MEDIUM,undef,MEDIUM,none,0,0 days 00:01:56.660000000
170,117.68,CONTINUOUS,PLAYING,850.0,128.0,MEDIUM,undef,MEDIUM,none,0,0 days 00:01:57.680000000
171,117.93,EVENT_OBSTACLE,PLAYING,850.0,128.0,MEDIUM,undef,MEDIUM,"TOPLEFT, TOPRIGHT, MIDDLE",0,0 days 00:01:57.930000000
172,118.68,CONTINUOUS,PLAYING,850.0,129.0,MEDIUM,undef,MEDIUM,none,0,0 days 00:01:58.680000000
173,119.68,CONTINUOUS,PLAYING,850.0,130.0,MEDIUM,undef,MEDIUM,none,0,0 days 00:01:59.680000000
174,120.15,EVENT_PICKUP,PLAYING,850.0,130.0,MEDIUM,undef,MEDIUM,none,0,0 days 00:02:00.150000000
175,120.35,EVENT_OBSTACLE,PLAYING,850.0,130.0,MEDIUM,undef,MEDIUM,"TOPLEFT, TOPRIGHT, MIDDLE",0,0 days 00:02:00.350000000
176,120.68,CONTINUOUS,PLAYING,850.0,130.0,MEDIUM,undef,MEDIUM,none,0,0 days 00:02:00.680000000
177,121.7,CONTINUOUS,PLAYING,950.0,131.0,HIGH,undef,MEDIUM,none,0,0 days 00:02:01.700000000
178,122.55,EVENT_PICKUP,PLAYING,950.0,132.0,HIGH,undef,MEDIUM,none,0,0 days 00:02:02.550000000
179,122.7,CONTINUOUS,PLAYING,950.0,132.0,HIGH,undef,MEDIUM,none,0,0 days 00:02:02.700000000
180,122.76,EVENT_OBSTACLE,PLAYING,950.0,132.0,HIGH,undef,MEDIUM,"TOPLEFT, BOTTOMLEFT, MIDDLE",0,0 days 00:02:02.760000000
181,123.7,CONTINUOUS,PLAYING,1050.0,127.0,HIGH,undef,MEDIUM,none,0,0 days 00:02:03.700000000
182,124.72,CONTINUOUS,PLAYING,1050.0,125.0,HIGH,undef,MEDIUM,none,0,0 days 00:02:04.720000000
183,125.18,EVENT_OBSTACLE,PLAYING,1050.0,125.0,HIGH,undef,MEDIUM,"TOPLEFT, BOTTOMLEFT, MIDDLE",0,0 days 00:02:05.180000000
184,125.73,CONTINUOUS,PLAYING,1050.0,124.0,HIGH,undef,HIGH,none,0,0 days 00:02:05.730000000
185,126.74,CONTINUOUS,PLAYING,1050.0,122.0,HIGH,undef,HIGH,none,0,0 days 00:02:06.740000000
186,127.42,EVENT_OBSTACLE,PLAYING,1050.0,122.0,HIGH,undef,HIGH,"TOPLEFT, BOTTOMLEFT, MIDDLE",0,0 days 00:02:07.420000000
187,127.74,CONTINUOUS,PLAYING,1050.0,123.0,HIGH,undef,HIGH,none,0,0 days 00:02:07.740000000
188,128.74,CONTINUOUS,PLAYING,1050.0,125.0,HIGH,undef,HIGH,none,0,0 days 00:02:08.740000000
189,129.44,EVENT_OBSTACLE,PLAYING,1050.0,125.0,HIGH,undef,HIGH,"TOPRIGHT, BOTTOMRIGHT, MIDDLE",0,0 days 00:02:09.440000000
190,129.74,CONTINUOUS,PLAYING,1050.0,128.0,HIGH,undef,HIGH,none,0,0 days 00:02:09.740000000
191,130.74,CONTINUOUS,PLAYING,1050.0,134.0,HIGH,undef,HIGH,none,0,0 days 00:02:10.740000000
192,131.45,EVENT_OBSTACLE,PLAYING,1050.0,134.0,HIGH,undef,HIGH,"TOPRIGHT, BOTTOMRIGHT, MIDDLE",0,0 days 00:02:11.450000000
193,131.74,CONTINUOUS,PLAYING,1050.0,135.0,HIGH,undef,HIGH,none,0,0 days 00:02:11.740000000
194,132.74,CONTINUOUS,PLAYING,1050.0,133.0,HIGH,undef,HIGH,none,0,0 days 00:02:12.740000000
195,133.34,EVENT_PICKUP,PLAYING,1050.0,133.0,HIGH,undef,HIGH,none,0,0 days 00:02:13.340000000
196,133.47,EVENT_OBSTACLE,PLAYING,1050.0,133.0,HIGH,undef,HIGH,"TOPLEFT, TOPRIGHT, BOTTOMRIGHT, MIDDLE",0,0 days 00:02:13.470000000
197,133.74,CONTINUOUS,PLAYING,1050.0,133.0,HIGH,undef,HIGH,none,0,0 days 00:02:13.740000000
198,134.74,CONTINUOUS,PLAYING,1150.0,124.0,HIGH,undef,HIGH,none,0,0 days 00:02:14.740000000
199,135.49,EVENT_OBSTACLE,PLAYING,1150.0,124.0,HIGH,undef,HIGH,"TOPRIGHT, BOTTOMLEFT, BOTTOMRIGHT, MIDDLE",0,0 days 00:02:15.490000000
200,135.74,CONTINUOUS,PLAYING,1150.0,122.0,HIGH,undef,HIGH,none,0,0 days 00:02:15.740000000
201,136.76,CONTINUOUS,PLAYING,1150.0,125.0,HIGH,undef,HIGH,none,0,0 days 00:02:16.760000000
202,137.51,EVENT_OBSTACLE,PLAYING,1150.0,129.0,HIGH,undef,HIGH,"TOPLEFT, BOTTOMLEFT, BOTTOMRIGHT, MIDDLE",0,0 days 00:02:17.510000000
203,137.76,CONTINUOUS,PLAYING,1150.0,129.0,HIGH,undef,HIGH,none,0,0 days 00:02:17.760000000
204,138.76,CONTINUOUS,PLAYING,1150.0,132.0,HIGH,undef,HIGH,none,0,0 days 00:02:18.760000000
205,139.4,EVENT_PICKUP,PLAYING,1150.0,132.0,HIGH,undef,HIGH,none,0,0 days 00:02:19.400000000
206,139.53,EVENT_OBSTACLE,PLAYING,1150.0,131.0,HIGH,undef,HIGH,"TOPLEFT, TOPRIGHT, BOTTOMRIGHT, MIDDLE",0,0 days 00:02:19.530000000
207,139.78,CONTINUOUS,PLAYING,1150.0,131.0,HIGH,undef,HIGH,none,0,0 days 00:02:19.780000000
208,140.78,CONTINUOUS,PLAYING,1250.0,131.0,HIGH,undef,HIGH,none,0,0 days 00:02:20.780000000
209,141.55,EVENT_OBSTACLE,PLAYING,1250.0,133.0,HIGH,undef,HIGH,"TOPLEFT, TOPRIGHT, BOTTOMRIGHT, MIDDLE",0,0 days 00:02:21.550000000
210,141.78,CONTINUOUS,PLAYING,1250.0,133.0,HIGH,undef,HIGH,none,0,0 days 00:02:21.780000000
211,142.78,CONTINUOUS,PLAYING,1250.0,135.0,HIGH,undef,HIGH,none,0,0 days 00:02:22.780000000
212,143.57,EVENT_OBSTACLE,PLAYING,1250.0,136.0,HIGH,undef,HIGH,"TOPLEFT, TOPRIGHT, BOTTOMLEFT, MIDDLE",0,0 days 00:02:23.570000000
213,143.8,CONTINUOUS,PLAYING,1250.0,136.0,HIGH,undef,HIGH,none,0,0 days 00:02:23.800000000
214,144.8,CONTINUOUS,PLAYING,1250.0,136.0,HIGH,undef,HIGH,none,0,0 days 00:02:24.800000000
215,145.59,EVENT_OBSTACLE,PLAYING,1250.0,136.0,HIGH,undef,HIGH,"TOPRIGHT, BOTTOMLEFT, BOTTOMRIGHT, MIDDLE",0,0 days 00:02:25.590000000
216,145.8,CONTINUOUS,PLAYING,1250.0,136.0,HIGH,undef,HIGH,none,0,0 days 00:02:25.800000000
217,146.8,CONTINUOUS,PLAYING,1250.0,136.0,HIGH,undef,HIGH,none,0,0 days 00:02:26.800000000
218,147.6,EVENT_OBSTACLE,PLAYING,1250.0,137.0,HIGH,undef,HIGH,"TOPLEFT, TOPRIGHT, BOTTOMRIGHT, MIDDLE",0,0 days 00:02:27.600000000
219,147.8,CONTINUOUS,PLAYING,1250.0,137.0,HIGH,undef,HIGH,none,0,0 days 00:02:27.800000000
220,148.8,CONTINUOUS,PLAYING,1250.0,137.0,HIGH,undef,HIGH,none,0,0 days 00:02:28.800000000
221,149.62,EVENT_OBSTACLE,PLAYING,1250.0,138.0,HIGH,undef,HIGH,"TOPLEFT, TOPRIGHT, BOTTOMRIGHT, MIDDLE",0,0 days 00:02:29.620000000
222,149.83,CONTINUOUS,PLAYING,1250.0,138.0,HIGH,undef,HIGH,none,0,0 days 00:02:29.830000000
223,150.84,CONTINUOUS,PLAYING,1250.0,137.0,HIGH,undef,HIGH,none,0,0 days 00:02:30.840000000
224,151.64,EVENT_OBSTACLE,PLAYING,1250.0,138.0,HIGH,undef,HIGH,"TOPLEFT, BOTTOMLEFT, BOTTOMRIGHT, MIDDLE",0,0 days 00:02:31.640000000
225,151.84,CONTINUOUS,PLAYING,1250.0,138.0,HIGH,undef,HIGH,none,0,0 days 00:02:31.840000000
226,152.84,CONTINUOUS,PLAYING,1250.0,138.0,HIGH,undef,HIGH,none,0,0 days 00:02:32.840000000
227,153.66,EVENT_OBSTACLE,PLAYING,1250.0,140.0,HIGH,undef,HIGH,"TOPLEFT, TOPRIGHT, BOTTOMLEFT, MIDDLE",0,0 days 00:02:33.660000000
228,153.86,CONTINUOUS,PLAYING,1250.0,140.0,HIGH,undef,HIGH,none,0,0 days 00:02:33.860000000
229,154.86,CONTINUOUS,PLAYING,1250.0,141.0,HIGH,undef,HIGH,none,0,0 days 00:02:34.860000000
230,155.68,EVENT_OBSTACLE,SHIELDTUTORIAL,1250.0,141.0,HIGH,undef,HIGH,"TOPLEFT, BOTTOMLEFT, BOTTOMRIGHT, MIDDLE",0,0 days 00:02:35.680000000
231,155.88,CONTINUOUS,SHIELDTUTORIAL,1250.0,141.0,HIGH,undef,HIGH,none,0,0 days 00:02:35.880000000
232,156.9,CONTINUOUS,SHIELDTUTORIAL,1250.0,141.0,HIGH,undef,HIGH,none,0,0 days 00:02:36.900000000
233,157.7,EVENT_OBSTACLE,SHIELDTUTORIAL,1250.0,140.0,HIGH,undef,HIGH,"TOPLEFT, TOPRIGHT, BOTTOMLEFT, MIDDLE",0,0 days 00:02:37.700000000
234,157.9,CONTINUOUS,SHIELDTUTORIAL,1250.0,140.0,HIGH,undef,HIGH,none,0,0 days 00:02:37.900000000
235,158.91,CONTINUOUS,SHIELDTUTORIAL,1250.0,140.0,HIGH,undef,HIGH,none,0,0 days 00:02:38.910000000
236,159.71,EVENT_OBSTACLE,SHIELDTUTORIAL,1250.0,137.0,HIGH,undef,HIGH,"TOPLEFT, TOPRIGHT, BOTTOMLEFT, MIDDLE",0,0 days 00:02:39.710000000
237,159.93,CONTINUOUS,SHIELDTUTORIAL,1250.0,137.0,HIGH,undef,HIGH,none,0,0 days 00:02:39.930000000
238,160.93,CONTINUOUS,SHIELDTUTORIAL,1250.0,133.0,HIGH,undef,HIGH,none,0,0 days 00:02:40.930000000
239,161.93,CONTINUOUS,PLAYING,1250.0,128.0,HIGH,undef,HIGH,none,0,0 days 00:02:41.930000000
240,162.95,CONTINUOUS,PLAYING,1250.0,124.0,HIGH,undef,HIGH,none,0,0 days 00:02:42.950000000
241,163.95,CONTINUOUS,PLAYING,1250.0,120.0,HIGH,undef,HIGH,none,0,0 days 00:02:43.950000000
242,164.95,CONTINUOUS,PLAYING,1250.0,119.0,HIGH,undef,HIGH,none,0,0 days 00:02:44.950000000
243,165.95,CONTINUOUS,PLAYING,1250.0,123.0,HIGH,undef,HIGH,none,0,0 days 00:02:45.950000000
244,166.95,CONTINUOUS,PLAYING,1250.0,127.0,HIGH,undef,HIGH,none,0,0 days 00:02:46.950000000
245,167.97,CONTINUOUS,PLAYING,1250.0,131.0,HIGH,undef,HIGH,none,0,0 days 00:02:47.970000000
246,168.24,EVENT_OBSTACLE,PLAYING,1250.0,131.0,HIGH,undef,HIGH,FARBOTTOMRIGHT,0,0 days 00:02:48.240000000
247,168.99,CONTINUOUS,PLAYING,1250.0,134.0,HIGH,undef,HIGH,none,0,0 days 00:02:48.990000000
248,169.99,CONTINUOUS,PLAYING,1250.0,136.0,HIGH,undef,HIGH,none,0,0 days 00:02:49.990000000
249,170.26,EVENT_OBSTACLE,PLAYING,1250.0,136.0,HIGH,undef,HIGH,FARBOTTOMRIGHT,0,0 days 00:02:50.260000000
250,171.01,CONTINUOUS,PLAYING,1250.0,137.0,HIGH,undef,HIGH,none,0,0 days 00:02:51.010000000
251,172.01,CONTINUOUS,PLAYING,1250.0,136.0,HIGH,undef,HIGH,none,0,0 days 00:02:52.010000000
252,172.27,EVENT_OBSTACLE,PLAYING,1250.0,136.0,HIGH,undef,HIGH,FARBOTTOMRIGHT,0,0 days 00:02:52.270000000
253,173.01,CONTINUOUS,PLAYING,1250.0,131.0,HIGH,undef,HIGH,none,0,0 days 00:02:53.010000000
254,174.01,CONTINUOUS,PLAYING,1250.0,128.0,HIGH,undef,HIGH,none,0,0 days 00:02:54.010000000
255,174.29,EVENT_OBSTACLE,PLAYING,1250.0,128.0,HIGH,undef,HIGH,FARBOTTOMLEFT,0,0 days 00:02:54.290000000
256,175.01,CONTINUOUS,PLAYING,1250.0,126.0,HIGH,undef,HIGH,none,0,0 days 00:02:55.010000000
257,176.01,CONTINUOUS,PLAYING,1250.0,126.0,HIGH,undef,HIGH,none,0,0 days 00:02:56.010000000
258,176.31,EVENT_OBSTACLE,PLAYING,1250.0,126.0,HIGH,undef,HIGH,FARBOTTOMLEFT,0,0 days 00:02:56.310000000
259,177.03,CONTINUOUS,PLAYING,1250.0,126.0,HIGH,undef,HIGH,none,0,0 days 00:02:57.030000000
260,178.03,CONTINUOUS,PLAYING,1250.0,126.0,HIGH,undef,HIGH,none,0,0 days 00:02:58.030000000
261,178.35,EVENT_OBSTACLE,PLAYING,1250.0,126.0,HIGH,undef,HIGH,FARBOTTOMLEFT,0,0 days 00:02:58.350000000
262,179.04,CONTINUOUS,PLAYING,1250.0,126.0,HIGH,undef,HIGH,none,0,0 days 00:02:59.040000000
263,180.05,CONTINUOUS,PLAYING,1250.0,125.0,HIGH,undef,HIGH,none,0,0 days 00:03:00.050000000
264,180.16,EVENT_OBSTACLE,PLAYING,1250.0,125.0,HIGH,undef,HIGH,FARBOTTOMRIGHT,0,0 days 00:03:00.160000000
265,181.05,CONTINUOUS,PLAYING,1250.0,126.0,HIGH,undef,HIGH,none,0,0 days 00:03:01.050000000
266,181.98,EVENT_OBSTACLE,PLAYING,1250.0,127.0,HIGH,undef,HIGH,FARBOTTOMRIGHT,0,0 days 00:03:01.980000000
267,182.05,CONTINUOUS,PLAYING,1250.0,127.0,HIGH,undef,HIGH,none,0,0 days 00:03:02.050000000
268,183.07,CONTINUOUS,PLAYING,1250.0,129.0,HIGH,undef,HIGH,none,0,0 days 00:03:03.070000000
269,183.82,EVENT_OBSTACLE,PLAYING,1250.0,128.0,HIGH,undef,HIGH,FARBOTTOMLEFT,0,0 days 00:03:03.820000000
270,184.08,CONTINUOUS,PLAYING,1250.0,128.0,HIGH,undef,HIGH,none,0,0 days 00:03:04.080000000
271,185.08,CONTINUOUS,PLAYING,1250.0,125.0,HIGH,undef,HIGH,none,0,0 days 00:03:05.080000000
272,185.64,EVENT_OBSTACLE,PLAYING,1250.0,120.0,HIGH,undef,HIGH,FARBOTTOMLEFT,0,0 days 00:03:05.640000000
273,186.09,CONTINUOUS,PLAYING,1250.0,120.0,HIGH,undef,HIGH,none,0,0 days 00:03:06.090000000
274,187.1,CONTINUOUS,PLAYING,1250.0,119.0,HIGH,undef,HIGH,none,0,0 days 00:03:07.100000000
275,187.45,EVENT_OBSTACLE,PLAYING,1250.0,122.0,HIGH,undef,HIGH,FARBOTTOMRIGHT,0,0 days 00:03:07.450000000
276,188.1,CONTINUOUS,PLAYING,1250.0,122.0,HIGH,undef,HIGH,none,0,0 days 00:03:08.100000000
277,189.1,CONTINUOUS,PLAYING,1250.0,123.0,HIGH,undef,HIGH,none,0,0 days 00:03:09.100000000
278,189.27,EVENT_OBSTACLE,PLAYING,1250.0,123.0,HIGH,undef,HIGH,FARBOTTOMLEFT,0,0 days 00:03:09.270000000
279,190.1,CONTINUOUS,PLAYING,1250.0,125.0,HIGH,undef,HIGH,none,0,0 days 00:03:10.100000000
280,191.02,EVENT_CRASH,PLAYING,1200.0,126.0,HIGH,undef,HIGH,"TOPRIGHT, BOTTOMLEFT, BOTTOMRIGHT, MIDDLE",0,0 days 00:03:11.020000000
281,191.12,CONTINUOUS,PLAYING,1200.0,126.0,HIGH,undef,HIGH,none,0,0 days 00:03:11.120000000
282,192.12,CONTINUOUS,PLAYING,1200.0,126.0,HIGH,undef,HIGH,none,0,0 days 00:03:12.120000000
283,192.86,EVENT_CRASH,PLAYING,1150.0,128.0,HIGH,undef,HIGH,FARBOTTOMLEFT,0,0 days 00:03:12.860000000
284,193.13,CONTINUOUS,PLAYING,1150.0,128.0,HIGH,undef,HIGH,none,0,0 days 00:03:13.130000000
285,194.14,CONTINUOUS,PLAYING,1150.0,130.0,HIGH,undef,HIGH,none,0,0 days 00:03:14.140000000
286,194.74,EVENT_OBSTACLE,PLAYING,1150.0,131.0,HIGH,undef,HIGH,FARBOTTOMLEFT,0,0 days 00:03:14.740000000
287,195.14,CONTINUOUS,PLAYING,1150.0,131.0,HIGH,undef,HIGH,none,0,0 days 00:03:15.140000000
288,196.14,CONTINUOUS,PLAYING,1150.0,134.0,HIGH,undef,HIGH,none,0,0 days 00:03:16.140000000
289,196.49,EVENT_CRASH,PLAYING,1100.0,136.0,HIGH,undef,HIGH,"TOPLEFT, BOTTOMLEFT, BOTTOMRIGHT, MIDDLE",0,0 days 00:03:16.490000000
290,197.14,CONTINUOUS,PLAYING,1100.0,136.0,HIGH,undef,HIGH,none,0,0 days 00:03:17.140000000
291,198.14,CONTINUOUS,PLAYING,1100.0,138.0,HIGH,undef,HIGH,none,0,0 days 00:03:18.140000000
292,198.31,EVENT_CRASH,PLAYING,1050.0,138.0,HIGH,undef,HIGH,"TOPRIGHT, BOTTOMLEFT, BOTTOMRIGHT, MIDDLE",0,0 days 00:03:18.310000000
293,199.15,CONTINUOUS,PLAYING,1050.0,140.0,HIGH,undef,HIGH,none,0,0 days 00:03:19.150000000
294,200.13,EVENT_CRASH,PLAYING,1000.0,140.0,HIGH,undef,HIGH,"TOPLEFT, TOPRIGHT, BOTTOMRIGHT, MIDDLE",0,0 days 00:03:20.130000000
295,200.15,CONTINUOUS,PLAYING,1000.0,140.0,HIGH,undef,HIGH,none,0,0 days 00:03:20.150000000
296,201.15,CONTINUOUS,PLAYING,1000.0,141.0,HIGH,undef,HIGH,none,0,0 days 00:03:21.150000000
297,202.01,EVENT_OBSTACLE,PLAYING,1000.0,142.0,HIGH,undef,HIGH,"TOPLEFT, TOPRIGHT, BOTTOMRIGHT, MIDDLE",0,0 days 00:03:22.010000000
298,202.15,CONTINUOUS,PLAYING,1000.0,142.0,HIGH,undef,HIGH,none,0,0 days 00:03:22.150000000
299,203.15,CONTINUOUS,PLAYING,1000.0,142.0,HIGH,undef,HIGH,none,0,0 days 00:03:23.150000000
300,203.65,EVENT_PICKUP,PLAYING,1000.0,142.0,HIGH,undef,HIGH,none,0,0 days 00:03:23.650000000
301,203.83,EVENT_OBSTACLE,PLAYING,1000.0,141.0,HIGH,undef,HIGH,"TOPLEFT, TOPRIGHT, BOTTOMLEFT, MIDDLE",0,0 days 00:03:23.830000000
302,204.15,CONTINUOUS,PLAYING,1000.0,141.0,HIGH,undef,HIGH,none,0,0 days 00:03:24.150000000
303,205.15,CONTINUOUS,PLAYING,1100.0,141.0,HIGH,undef,HIGH,none,0,0 days 00:03:25.150000000
304,205.65,EVENT_OBSTACLE,PLAYING,1100.0,141.0,HIGH,undef,HIGH,"TOPRIGHT, BOTTOMLEFT, BOTTOMRIGHT, MIDDLE",0,0 days 00:03:25.650000000
305,206.17,CONTINUOUS,PLAYING,1100.0,141.0,HIGH,undef,HIGH,none,0,0 days 00:03:26.170000000
306,207.17,CONTINUOUS,PLAYING,1100.0,141.0,HIGH,undef,HIGH,none,0,0 days 00:03:27.170000000
307,207.67,EVENT_OBSTACLE,PLAYING,1100.0,141.0,HIGH,undef,HIGH,"TOPLEFT, BOTTOMLEFT, BOTTOMRIGHT, MIDDLE",0,0 days 00:03:27.670000000
308,208.17,CONTINUOUS,PLAYING,1100.0,140.0,HIGH,undef,HIGH,none,0,0 days 00:03:28.170000000
309,209.17,CONTINUOUS,PLAYING,1100.0,140.0,HIGH,undef,HIGH,none,0,0 days 00:03:29.170000000
310,209.69,EVENT_OBSTACLE,PLAYING,1100.0,140.0,HIGH,undef,HIGH,"TOPRIGHT, BOTTOMLEFT, BOTTOMRIGHT, MIDDLE",0,0 days 00:03:29.690000000
311,210.17,CONTINUOUS,PLAYING,1100.0,140.0,HIGH,undef,HIGH,none,0,0 days 00:03:30.170000000
312,211.17,CONTINUOUS,PLAYING,1100.0,138.0,HIGH,undef,HIGH,none,0,0 days 00:03:31.170000000
313,211.71,EVENT_OBSTACLE,PLAYING,1100.0,138.0,HIGH,undef,HIGH,"TOPLEFT, TOPRIGHT, BOTTOMRIGHT, MIDDLE",0,0 days 00:03:31.710000000
314,212.17,CONTINUOUS,PLAYING,1100.0,136.0,HIGH,undef,HIGH,none,0,0 days 00:03:32.170000000
315,213.17,CONTINUOUS,PLAYING,1100.0,136.0,HIGH,undef,HIGH,none,0,0 days 00:03:33.170000000
316,213.72,EVENT_OBSTACLE,PLAYING,1100.0,136.0,HIGH,undef,HIGH,"TOPLEFT, TOPRIGHT, BOTTOMLEFT, MIDDLE",0,0 days 00:03:33.720000000
317,214.19,CONTINUOUS,PLAYING,1100.0,136.0,HIGH,undef,HIGH,none,0,0 days 00:03:34.190000000
318,215.19,CONTINUOUS,PLAYING,1100.0,138.0,HIGH,undef,HIGH,none,0,0 days 00:03:35.190000000
319,215.74,EVENT_OBSTACLE,PLAYING,1100.0,138.0,HIGH,undef,HIGH,FARBOTTOMRIGHT,0,0 days 00:03:35.740000000
320,216.19,CONTINUOUS,PLAYING,1100.0,140.0,HIGH,undef,HIGH,none,0,0 days 00:03:36.190000000
321,217.21,CONTINUOUS,PLAYING,1100.0,137.0,HIGH,undef,HIGH,none,0,0 days 00:03:37.210000000
322,217.76,EVENT_OBSTACLE,PLAYING,1100.0,137.0,HIGH,undef,HIGH,"TOPLEFT, TOPRIGHT, BOTTOMRIGHT, MIDDLE",0,0 days 00:03:37.760000000
323,218.23,CONTINUOUS,PLAYING,1100.0,137.0,HIGH,undef,HIGH,none,0,0 days 00:03:38.230000000
324,219.23,CONTINUOUS,PLAYING,1100.0,127.0,HIGH,undef,HIGH,none,0,0 days 00:03:39.230000000
325,219.8,EVENT_OBSTACLE,PLAYING,1100.0,130.0,HIGH,undef,HIGH,FARBOTTOMLEFT,0,0 days 00:03:39.800000000
326,220.23,CONTINUOUS,PLAYING,1100.0,130.0,HIGH,undef,HIGH,none,0,0 days 00:03:40.230000000
327,221.23,CONTINUOUS,PLAYING,1100.0,131.0,HIGH,undef,HIGH,none,0,0 days 00:03:41.230000000
328,221.75,EVENT_CRASH,PLAYING,1050.0,131.0,HIGH,undef,HIGH,"TOPRIGHT, BOTTOMLEFT, BOTTOMRIGHT, MIDDLE",0,0 days 00:03:41.750000000
329,222.25,CONTINUOUS,PLAYING,1050.0,130.0,HIGH,undef,HIGH,none,0,0 days 00:03:42.250000000
330,223.26,CONTINUOUS,PLAYING,1050.0,130.0,HIGH,undef,HIGH,none,0,0 days 00:03:43.260000000
331,223.77,EVENT_CRASH,PLAYING,1000.0,130.0,HIGH,undef,HIGH,"TOPLEFT, BOTTOMLEFT, BOTTOMRIGHT, MIDDLE",0,0 days 00:03:43.770000000
332,224.27,CONTINUOUS,PLAYING,1000.0,132.0,HIGH,undef,HIGH,none,0,0 days 00:03:44.270000000
333,225.27,CONTINUOUS,PLAYING,1000.0,132.0,HIGH,undef,HIGH,none,0,0 days 00:03:45.270000000
334,225.65,EVENT_OBSTACLE,PLAYING,1000.0,132.0,HIGH,undef,HIGH,"TOPLEFT, BOTTOMLEFT, BOTTOMRIGHT, MIDDLE",0,0 days 00:03:45.650000000
335,226.28,CONTINUOUS,PLAYING,1000.0,133.0,HIGH,undef,HIGH,none,0,0 days 00:03:46.280000000
336,227.28,CONTINUOUS,PLAYING,1000.0,134.0,HIGH,undef,HIGH,none,0,0 days 00:03:47.280000000
337,227.47,EVENT_OBSTACLE,PLAYING,1000.0,134.0,HIGH,undef,HIGH,FARBOTTOMLEFT,0,0 days 00:03:47.470000000
338,228.29,CONTINUOUS,PLAYING,1000.0,134.0,HIGH,undef,HIGH,none,0,0 days 00:03:48.290000000
339,229.22,EVENT_CRASH,PLAYING,950.0,135.0,HIGH,undef,HIGH,"TOPRIGHT, BOTTOMLEFT, BOTTOMRIGHT, MIDDLE",0,0 days 00:03:49.220000000
340,229.3,CONTINUOUS,PLAYING,950.0,135.0,HIGH,undef,HIGH,none,0,0 days 00:03:49.300000000
341,230.32,CONTINUOUS,PLAYING,950.0,137.0,HIGH,undef,HIGH,none,0,0 days 00:03:50.320000000
342,231.1,EVENT_OBSTACLE,PLAYING,950.0,137.0,HIGH,undef,HIGH,"TOPRIGHT, BOTTOMLEFT, BOTTOMRIGHT, MIDDLE",0,0 days 00:03:51.100000000
343,231.32,CONTINUOUS,PLAYING,950.0,137.0,HIGH,undef,HIGH,none,0,0 days 00:03:51.320000000
344,232.32,CONTINUOUS,PLAYING,950.0,135.0,HIGH,undef,HIGH,none,0,0 days 00:03:52.320000000
345,232.92,EVENT_OBSTACLE,PLAYING,950.0,134.0,HIGH,undef,HIGH,"TOPRIGHT, BOTTOMLEFT, BOTTOMRIGHT, MIDDLE",0,0 days 00:03:52.920000000
346,233.32,CONTINUOUS,PLAYING,950.0,134.0,HIGH,undef,HIGH,none,0,0 days 00:03:53.320000000
347,234.34,CONTINUOUS,PLAYING,950.0,135.0,HIGH,undef,HIGH,none,0,0 days 00:03:54.340000000
348,234.74,EVENT_OBSTACLE,PLAYING,950.0,136.0,HIGH,undef,HIGH,FARBOTTOMRIGHT,0,0 days 00:03:54.740000000
349,235.34,CONTINUOUS,PLAYING,950.0,136.0,HIGH,undef,HIGH,none,0,0 days 00:03:55.340000000
350,236.36,CONTINUOUS,PLAYING,950.0,139.0,HIGH,undef,HIGH,none,0,0 days 00:03:56.360000000
351,236.56,EVENT_OBSTACLE,PLAYING,950.0,139.0,HIGH,undef,HIGH,FARBOTTOMRIGHT,0,0 days 00:03:56.560000000
352,237.37,CONTINUOUS,PLAYING,950.0,140.0,HIGH,undef,HIGH,none,0,0 days 00:03:57.370000000
353,238.27,EVENT_PICKUP,PLAYING,950.0,138.0,HIGH,undef,HIGH,none,0,0 days 00:03:58.270000000
354,238.38,CONTINUOUS,PLAYING,950.0,138.0,HIGH,undef,HIGH,none,0,0 days 00:03:58.380000000
355,238.39,EVENT_OBSTACLE,PLAYING,950.0,138.0,HIGH,undef,HIGH,"TOPLEFT, BOTTOMLEFT, BOTTOMRIGHT, MIDDLE",0,0 days 00:03:58.390000000
356,239.38,CONTINUOUS,PLAYING,1050.0,133.0,HIGH,undef,HIGH,none,0,0 days 00:03:59.380000000
357,240.21,EVENT_OBSTACLE,PLAYING,1050.0,133.0,HIGH,undef,HIGH,"TOPLEFT, BOTTOMLEFT, BOTTOMRIGHT, MIDDLE",0,0 days 00:04:00.210000000
358,240.39,CONTINUOUS,PLAYING,1050.0,133.0,HIGH,undef,HIGH,none,0,0 days 00:04:00.390000000
359,241.4,CONTINUOUS,PLAYING,1050.0,134.0,HIGH,undef,HIGH,none,0,0 days 00:04:01.400000000
360,242.03,EVENT_OBSTACLE,PLAYING,1050.0,136.0,HIGH,undef,HIGH,"TOPLEFT, BOTTOMLEFT, BOTTOMRIGHT, MIDDLE",0,0 days 00:04:02.030000000
361,242.4,CONTINUOUS,PLAYING,1050.0,136.0,HIGH,undef,HIGH,none,0,0 days 00:04:02.400000000
362,243.42,CONTINUOUS,PLAYING,1050.0,138.0,HIGH,undef,HIGH,none,0,0 days 00:04:03.420000000
363,243.65,EVENT_PICKUP,PLAYING,1050.0,138.0,HIGH,undef,HIGH,none,0,0 days 00:04:03.650000000
364,243.85,EVENT_OBSTACLE,PLAYING,1050.0,140.0,HIGH,undef,HIGH,"TOPRIGHT, BOTTOMLEFT, BOTTOMRIGHT, MIDDLE",0,0 days 00:04:03.850000000
365,244.43,CONTINUOUS,PLAYING,1050.0,140.0,HIGH,undef,HIGH,none,0,0 days 00:04:04.430000000
366,245.43,CONTINUOUS,PLAYING,1150.0,140.0,HIGH,undef,HIGH,none,0,0 days 00:04:05.430000000
367,245.67,EVENT_OBSTACLE,PLAYING,1150.0,140.0,HIGH,undef,HIGH,FARBOTTOMLEFT,0,0 days 00:04:05.670000000
368,246.45,CONTINUOUS,PLAYING,1150.0,141.0,HIGH,undef,HIGH,none,0,0 days 00:04:06.450000000
369,247.42,EVENT_CRASH,PLAYING,1100.0,140.0,HIGH,undef,HIGH,FARBOTTOMLEFT,0,0 days 00:04:07.420000000
370,247.46,CONTINUOUS,PLAYING,1100.0,140.0,HIGH,undef,HIGH,none,0,0 days 00:04:07.460000000
371,248.47,CONTINUOUS,PLAYING,1100.0,136.0,HIGH,undef,HIGH,none,0,0 days 00:04:08.470000000
372,249.32,EVENT_OBSTACLE,PLAYING,1100.0,136.0,HIGH,undef,HIGH,FARBOTTOMLEFT,0,0 days 00:04:09.320000000
373,249.47,CONTINUOUS,PLAYING,1100.0,136.0,HIGH,undef,HIGH,none,0,0 days 00:04:09.470000000
374,250.47,CONTINUOUS,PLAYING,1100.0,133.0,HIGH,undef,HIGH,none,0,0 days 00:04:10.470000000
375,251.14,EVENT_OBSTACLE,PLAYING,1100.0,128.0,HIGH,undef,HIGH,FARBOTTOMLEFT,0,0 days 00:04:11.140000000
376,251.49,CONTINUOUS,PLAYING,1100.0,128.0,HIGH,undef,HIGH,none,0,0 days 00:04:11.490000000
377,252.49,CONTINUOUS,PLAYING,1100.0,125.0,HIGH,undef,HIGH,none,0,0 days 00:04:12.490000000
378,252.72,EVENT_PICKUP,PLAYING,1100.0,128.0,HIGH,undef,HIGH,none,0,0 days 00:04:12.720000000
379,252.96,EVENT_OBSTACLE,PLAYING,1100.0,128.0,HIGH,undef,HIGH,"TOPRIGHT, BOTTOMLEFT, BOTTOMRIGHT, MIDDLE",0,0 days 00:04:12.960000000
380,253.49,CONTINUOUS,PLAYING,1100.0,128.0,HIGH,undef,HIGH,none,0,0 days 00:04:13.490000000
381,254.49,CONTINUOUS,PLAYING,1200.0,130.0,HIGH,undef,HIGH,none,0,0 days 00:04:14.490000000
382,254.77,EVENT_OBSTACLE,PLAYING,1200.0,132.0,HIGH,undef,HIGH,FARBOTTOMRIGHT,0,0 days 00:04:14.770000000
383,255.49,CONTINUOUS,PLAYING,1200.0,132.0,HIGH,undef,HIGH,none,0,0 days 00:04:15.490000000
384,256.39,EVENT_OBSTACLE,PLAYING,1200.0,136.0,HIGH,undef,HIGH,"TOPLEFT, BOTTOMLEFT, BOTTOMRIGHT, MIDDLE",0,0 days 00:04:16.390000000
385,256.51,CONTINUOUS,PLAYING,1200.0,136.0,HIGH,undef,HIGH,none,0,0 days 00:04:16.510000000
386,257.51,CONTINUOUS,PLAYING,1200.0,138.0,HIGH,undef,HIGH,none,0,0 days 00:04:17.510000000
387,257.96,EVENT_CRASH,PLAYING,1150.0,138.0,HIGH,undef,HIGH,"TOPLEFT, TOPRIGHT, BOTTOMLEFT, MIDDLE",0,0 days 00:04:17.960000000
388,258.53,CONTINUOUS,PLAYING,1150.0,138.0,HIGH,undef,HIGH,none,0,0 days 00:04:18.530000000
389,259.54,CONTINUOUS,PLAYING,1150.0,139.0,HIGH,undef,HIGH,none,0,0 days 00:04:19.540000000
390,259.58,EVENT_CRASH,PLAYING,1100.0,139.0,HIGH,undef,HIGH,"TOPLEFT, TOPRIGHT, BOTTOMRIGHT, MIDDLE",0,0 days 00:04:19.580000000
391,260.54,CONTINUOUS,PLAYING,1100.0,141.0,HIGH,undef,HIGH,none,0,0 days 00:04:20.540000000
392,261.19,EVENT_CRASH,PLAYING,1050.0,141.0,HIGH,undef,HIGH,FARBOTTOMLEFT,0,0 days 00:04:21.190000000
393,261.55,CONTINUOUS,PLAYING,1050.0,141.0,HIGH,undef,HIGH,none,0,0 days 00:04:21.550000000
394,262.56,CONTINUOUS,PLAYING,1050.0,141.0,HIGH,undef,HIGH,none,0,0 days 00:04:22.560000000
395,262.81,EVENT_CRASH,PLAYING,1000.0,142.0,HIGH,undef,HIGH,"TOPLEFT, BOTTOMLEFT, BOTTOMRIGHT, MIDDLE",0,0 days 00:04:22.810000000
396,263.57,CONTINUOUS,PLAYING,1000.0,142.0,HIGH,undef,HIGH,none,0,0 days 00:04:23.570000000
397,264.5,EVENT_OBSTACLE,PLAYING,1000.0,142.0,HIGH,undef,HIGH,"TOPLEFT, BOTTOMLEFT, BOTTOMRIGHT, MIDDLE",0,0 days 00:04:24.500000000
398,264.58,CONTINUOUS,PLAYING,1000.0,142.0,HIGH,undef,HIGH,none,0,0 days 00:04:24.580000000
399,265.6,CONTINUOUS,PLAYING,1000.0,140.0,HIGH,undef,HIGH,none,0,0 days 00:04:25.600000000
400,266.05,EVENT_CRASH,PLAYING,950.0,139.0,HIGH,undef,HIGH,FARBOTTOMLEFT,0,0 days 00:04:26.050000000
401,266.62,CONTINUOUS,PLAYING,950.0,139.0,HIGH,undef,HIGH,none,0,0 days 00:04:26.620000000
402,267.62,CONTINUOUS,PLAYING,950.0,138.0,HIGH,undef,HIGH,none,0,0 days 00:04:27.620000000
403,267.73,EVENT_OBSTACLE,PLAYING,950.0,139.0,HIGH,undef,HIGH,"TOPLEFT, BOTTOMLEFT, BOTTOMRIGHT, MIDDLE",0,0 days 00:04:27.730000000
404,268.62,CONTINUOUS,PLAYING,950.0,139.0,HIGH,undef,HIGH,none,0,0 days 00:04:28.620000000
405,269.29,EVENT_CRASH,PLAYING,900.0,142.0,HIGH,undef,HIGH,FARBOTTOMRIGHT,0,0 days 00:04:29.290000000
406,269.62,CONTINUOUS,PLAYING,900.0,142.0,HIGH,undef,HIGH,none,0,0 days 00:04:29.620000000
407,270.64,CONTINUOUS,PLAYING,900.0,142.0,HIGH,undef,HIGH,none,0,0 days 00:04:30.640000000
408,270.9,EVENT_CRASH,PLAYING,850.0,142.0,HIGH,undef,HIGH,"TOPLEFT, TOPRIGHT, BOTTOMLEFT, MIDDLE",0,0 days 00:04:30.900000000
409,271.64,CONTINUOUS,PLAYING,850.0,142.0,HIGH,undef,HIGH,none,0,0 days 00:04:31.640000000
410,272.52,EVENT_CRASH,PLAYING,800.0,144.0,HIGH,undef,HIGH,FARBOTTOMRIGHT,0,0 days 00:04:32.520000000
411,272.64,CONTINUOUS,PLAYING,800.0,144.0,HIGH,undef,HIGH,none,0,0 days 00:04:32.640000000
412,273.64,CONTINUOUS,PLAYING,800.0,146.0,HIGH,undef,HIGH,none,0,0 days 00:04:33.640000000
413,274.21,EVENT_OBSTACLE,PLAYING,800.0,148.0,HIGH,undef,HIGH,"TOPRIGHT, BOTTOMLEFT, BOTTOMRIGHT, MIDDLE",0,0 days 00:04:34.210000000
414,274.64,CONTINUOUS,PLAYING,800.0,148.0,HIGH,undef,HIGH,none,0,0 days 00:04:34.640000000
415,275.66,CONTINUOUS,PLAYING,800.0,147.0,HIGH,undef,HIGH,none,0,0 days 00:04:35.660000000
416,275.78,EVENT_CRASH,PLAYING,750.0,147.0,HIGH,undef,HIGH,"TOPLEFT, TOPRIGHT, BOTTOMLEFT, MIDDLE",0,0 days 00:04:35.780000000
417,276.66,CONTINUOUS,PLAYING,750.0,147.0,HIGH,undef,HIGH,none,0,0 days 00:04:36.660000000
418,277.26,EVENT_PICKUP,PLAYING,750.0,147.0,HIGH,undef,HIGH,none,0,0 days 00:04:37.260000000
419,277.44,EVENT_OBSTACLE,PLAYING,750.0,147.0,HIGH,undef,HIGH,"TOPLEFT, BOTTOMLEFT, BOTTOMRIGHT, MIDDLE",0,0 days 00:04:37.440000000
420,277.66,CONTINUOUS,PLAYING,750.0,147.0,HIGH,undef,HIGH,none,0,0 days 00:04:37.660000000
421,278.66,CONTINUOUS,PLAYING,850.0,148.0,HIGH,undef,HIGH,none,0,0 days 00:04:38.660000000
422,279.06,EVENT_OBSTACLE,PLAYING,850.0,148.0,HIGH,undef,HIGH,"TOPLEFT, TOPRIGHT, BOTTOMLEFT, MIDDLE",0,0 days 00:04:39.060000000
423,279.66,CONTINUOUS,PLAYING,850.0,148.0,HIGH,undef,HIGH,none,0,0 days 00:04:39.660000000
424,280.66,CONTINUOUS,PLAYING,850.0,150.0,HIGH,undef,HIGH,none,0,0 days 00:04:40.660000000
425,280.9,EVENT_OBSTACLE,PLAYING,850.0,150.0,HIGH,undef,HIGH,"TOPLEFT, BOTTOMLEFT, BOTTOMRIGHT, MIDDLE",0,0 days 00:04:40.900000000
426,281.68,CONTINUOUS,PLAYING,850.0,150.0,HIGH,undef,HIGH,none,0,0 days 00:04:41.680000000
427,282.66,EVENT_CRASH,PLAYING,800.0,150.0,HIGH,undef,HIGH,"TOPRIGHT, BOTTOMLEFT, BOTTOMRIGHT, MIDDLE",0,0 days 00:04:42.660000000
428,282.68,CONTINUOUS,PLAYING,800.0,150.0,HIGH,undef,HIGH,none,0,0 days 00:04:42.680000000
429,283.68,CONTINUOUS,PLAYING,800.0,147.0,HIGH,undef,HIGH,none,0,0 days 00:04:43.680000000
430,284.55,EVENT_OBSTACLE,PLAYING,800.0,147.0,HIGH,undef,HIGH,FARBOTTOMRIGHT,0,0 days 00:04:44.550000000
431,284.7,CONTINUOUS,PLAYING,800.0,146.0,HIGH,undef,HIGH,none,0,0 days 00:04:44.700000000
432,285.7,CONTINUOUS,PLAYING,800.0,147.0,HIGH,undef,HIGH,none,0,0 days 00:04:45.700000000
433,286.37,EVENT_OBSTACLE,PLAYING,800.0,147.0,HIGH,undef,HIGH,FARBOTTOMRIGHT,0,0 days 00:04:46.370000000
434,286.7,CONTINUOUS,PLAYING,800.0,147.0,HIGH,undef,HIGH,none,0,0 days 00:04:46.700000000
435,287.72,CONTINUOUS,PLAYING,800.0,145.0,HIGH,undef,HIGH,none,0,0 days 00:04:47.720000000
436,288.19,EVENT_OBSTACLE,PLAYING,800.0,145.0,HIGH,undef,HIGH,FARBOTTOMRIGHT,0,0 days 00:04:48.190000000
437,288.73,CONTINUOUS,PLAYING,800.0,139.0,HIGH,undef,HIGH,none,0,0 days 00:04:48.730000000
438,289.73,CONTINUOUS,PLAYING,800.0,136.0,HIGH,undef,HIGH,none,0,0 days 00:04:49.730000000
439,289.95,EVENT_CRASH,PLAYING,750.0,136.0,HIGH,undef,HIGH,"TOPRIGHT, BOTTOMLEFT, BOTTOMRIGHT, MIDDLE",0,0 days 00:04:49.950000000
440,290.74,CONTINUOUS,PLAYING,750.0,137.0,HIGH,undef,HIGH,none,0,0 days 00:04:50.740000000
441,291.75,CONTINUOUS,PLAYING,750.0,138.0,HIGH,undef,HIGH,none,0,0 days 00:04:51.750000000
442,291.8,EVENT_PICKUP,PLAYING,750.0,138.0,HIGH,undef,HIGH,none,0,0 days 00:04:51.800000000
443,291.83,EVENT_OBSTACLE,PLAYING,750.0,138.0,HIGH,undef,HIGH,"TOPLEFT, TOPRIGHT, BOTTOMLEFT, MIDDLE",0,0 days 00:04:51.830000000
444,292.75,CONTINUOUS,PLAYING,850.0,138.0,HIGH,undef,HIGH,none,0,0 days 00:04:52.750000000
445,293.66,EVENT_OBSTACLE,PLAYING,850.0,140.0,HIGH,undef,HIGH,FARBOTTOMLEFT,0,0 days 00:04:53.660000000
446,293.76,CONTINUOUS,PLAYING,850.0,140.0,HIGH,undef,HIGH,none,0,0 days 00:04:53.760000000
447,294.76,CONTINUOUS,PLAYING,850.0,141.0,HIGH,undef,HIGH,none,0,0 days 00:04:54.760000000
448,295.47,EVENT_OBSTACLE,PLAYING,850.0,141.0,HIGH,undef,HIGH,"TOPRIGHT, BOTTOMLEFT, BOTTOMRIGHT, MIDDLE",0,0 days 00:04:55.470000000
449,295.76,CONTINUOUS,PLAYING,850.0,143.0,HIGH,undef,HIGH,none,0,0 days 00:04:55.760000000
450,296.76,CONTINUOUS,PLAYING,850.0,146.0,HIGH,undef,HIGH,none,0,0 days 00:04:56.760000000
451,297.31,EVENT_OBSTACLE,PLAYING,850.0,146.0,HIGH,undef,HIGH,"TOPRIGHT, BOTTOMLEFT, BOTTOMRIGHT, MIDDLE",0,0 days 00:04:57.310000000
452,297.76,CONTINUOUS,PLAYING,850.0,146.0,HIGH,undef,HIGH,none,0,0 days 00:04:57.760000000
453,298.77,CONTINUOUS,PLAYING,850.0,146.0,HIGH,undef,HIGH,none,0,0 days 00:04:58.770000000
454,299.06,EVENT_CRASH,PLAYING,800.0,146.0,HIGH,undef,HIGH,"TOPLEFT, TOPRIGHT, BOTTOMRIGHT, MIDDLE",0,0 days 00:04:59.060000000
455,299.78,CONTINUOUS,PLAYING,800.0,146.0,HIGH,undef,HIGH,none,0,0 days 00:04:59.780000000
456,300.78,CONTINUOUS,PLAYING,800.0,146.0,HIGH,undef,HIGH,none,0,0 days 00:05:00.780000000
457,300.88,EVENT_CRASH,PLAYING,750.0,146.0,HIGH,undef,HIGH,"TOPLEFT, TOPRIGHT, BOTTOMRIGHT, MIDDLE",0,0 days 00:05:00.880000000
458,301.78,CONTINUOUS,PLAYING,750.0,145.0,HIGH,undef,HIGH,none,0,0 days 00:05:01.780000000
459,302.76,EVENT_OBSTACLE,PLAYING,750.0,144.0,HIGH,undef,HIGH,FARBOTTOMLEFT,0,0 days 00:05:02.760000000
460,302.78,CONTINUOUS,PLAYING,750.0,144.0,HIGH,undef,HIGH,none,0,0 days 00:05:02.780000000
461,303.79,CONTINUOUS,PLAYING,750.0,143.0,HIGH,undef,HIGH,none,0,0 days 00:05:03.790000000
462,304.58,EVENT_OBSTACLE,PLAYING,750.0,144.0,HIGH,undef,HIGH,FARBOTTOMRIGHT,0,0 days 00:05:04.580000000
463,304.8,CONTINUOUS,PLAYING,750.0,144.0,HIGH,undef,HIGH,none,0,0 days 00:05:04.800000000
464,305.8,CONTINUOUS,PLAYING,750.0,144.0,HIGH,undef,HIGH,none,0,0 days 00:05:05.800000000
465,306.4,EVENT_OBSTACLE,PLAYING,750.0,144.0,HIGH,undef,HIGH,FARBOTTOMRIGHT,0,0 days 00:05:06.400000000
466,306.8,CONTINUOUS,PLAYING,750.0,141.0,HIGH,undef,HIGH,none,0,0 days 00:05:06.800000000
467,307.8,CONTINUOUS,PLAYING,750.0,139.0,HIGH,undef,HIGH,none,0,0 days 00:05:07.800000000
468,308.02,EVENT_PICKUP,PLAYING,750.0,139.0,HIGH,undef,HIGH,none,0,0 days 00:05:08.020000000
469,308.22,EVENT_OBSTACLE,PLAYING,750.0,139.0,HIGH,undef,HIGH,"TOPRIGHT, BOTTOMLEFT, BOTTOMRIGHT, MIDDLE",0,0 days 00:05:08.220000000
470,308.8,CONTINUOUS,PLAYING,750.0,136.0,HIGH,undef,HIGH,none,0,0 days 00:05:08.800000000
471,309.82,CONTINUOUS,PLAYING,850.0,138.0,HIGH,undef,HIGH,none,0,0 days 00:05:09.820000000
472,310.03,EVENT_OBSTACLE,PLAYING,850.0,138.0,HIGH,undef,HIGH,"TOPLEFT, BOTTOMLEFT, BOTTOMRIGHT, MIDDLE",0,0 days 00:05:10.030000000
473,310.82,CONTINUOUS,PLAYING,850.0,139.0,HIGH,undef,HIGH,none,0,0 days 00:05:10.820000000
474,311.84,CONTINUOUS,PLAYING,850.0,141.0,HIGH,undef,HIGH,none,0,0 days 00:05:11.840000000
475,311.85,EVENT_OBSTACLE,PLAYING,850.0,141.0,HIGH,undef,HIGH,FARBOTTOMRIGHT,0,0 days 00:05:11.850000000
476,312.84,CONTINUOUS,PLAYING,850.0,144.0,HIGH,undef,HIGH,none,0,0 days 00:05:12.840000000
477,313.61,EVENT_CRASH,PLAYING,800.0,146.0,HIGH,undef,HIGH,FARBOTTOMRIGHT,0,0 days 00:05:13.610000000
478,313.85,CONTINUOUS,PLAYING,800.0,146.0,HIGH,undef,HIGH,none,0,0 days 00:05:13.850000000
479,314.86,CONTINUOUS,PLAYING,800.0,143.0,HIGH,undef,HIGH,none,0,0 days 00:05:14.860000000
480,315.49,EVENT_OBSTACLE,PLAYING,800.0,143.0,HIGH,undef,HIGH,FARBOTTOMRIGHT,0,0 days 00:05:15.490000000
481,315.87,CONTINUOUS,PLAYING,800.0,143.0,HIGH,undef,HIGH,none,0,0 days 00:05:15.870000000
482,316.87,CONTINUOUS,PLAYING,800.0,137.0,HIGH,undef,HIGH,none,0,0 days 00:05:16.870000000
483,317.31,EVENT_OBSTACLE,PLAYING,800.0,137.0,HIGH,undef,HIGH,FARBOTTOMRIGHT,0,0 days 00:05:17.310000000
484,317.88,CONTINUOUS,BROKENSHIP,800.0,136.0,HIGH,undef,HIGH,none,0,0 days 00:05:17.880000000
485,318.89,CONTINUOUS,BROKENSHIP,800.0,135.0,HIGH,undef,HIGH,none,0,0 days 00:05:18.890000000
486,319.89,CONTINUOUS,BROKENSHIP,800.0,136.0,HIGH,undef,HIGH,none,0,0 days 00:05:19.890000000
487,320.89,CONTINUOUS,BROKENSHIP,800.0,138.0,HIGH,undef,HIGH,none,0,0 days 00:05:20.890000000
488,321.9,CONTINUOUS,BROKENSHIP,800.0,141.0,HIGH,undef,HIGH,none,0,0 days 00:05:21.900000000
489,322.9,CONTINUOUS,BROKENSHIP,800.0,143.0,HIGH,undef,HIGH,none,0,0 days 00:05:22.900000000
490,323.9,CONTINUOUS,PLAYING,800.0,146.0,HIGH,undef,HIGH,none,0,0 days 00:05:23.900000000
491,324.9,CONTINUOUS,PLAYING,800.0,148.0,HIGH,undef,HIGH,none,0,0 days 00:05:24.900000000
492,325.9,CONTINUOUS,PLAYING,800.0,151.0,HIGH,undef,HIGH,none,0,0 days 00:05:25.900000000
493,326.92,CONTINUOUS,PLAYING,800.0,153.0,HIGH,undef,HIGH,none,0,0 days 00:05:26.920000000
494,327.92,CONTINUOUS,PLAYING,800.0,156.0,HIGH,undef,HIGH,none,0,0 days 00:05:27.920000000
495,328.93,CONTINUOUS,PLAYING,800.0,155.0,HIGH,undef,HIGH,none,0,0 days 00:05:28.930000000
496,329.94,CONTINUOUS,PLAYING,800.0,154.0,HIGH,undef,HIGH,none,0,0 days 00:05:29.940000000
497,330.49,EVENT_OBSTACLE,PLAYING,800.0,154.0,HIGH,undef,HIGH,FARBOTTOMLEFT,0,0 days 00:05:30.490000000
498,330.95,CONTINUOUS,PLAYING,800.0,151.0,HIGH,undef,HIGH,none,0,0 days 00:05:30.950000000
499,331.97,CONTINUOUS,PLAYING,800.0,151.0,HIGH,undef,HIGH,none,0,0 days 00:05:31.970000000
500,332.04,EVENT_CRASH,PLAYING,750.0,151.0,HIGH,undef,HIGH,"TOPLEFT, BOTTOMLEFT, BOTTOMRIGHT, MIDDLE",0,0 days 00:05:32.040000000
501,332.97,CONTINUOUS,PLAYING,750.0,151.0,HIGH,undef,HIGH,none,0,0 days 00:05:32.970000000
502,333.69,EVENT_PICKUP,PLAYING,750.0,151.0,HIGH,undef,HIGH,none,0,0 days 00:05:33.690000000
503,333.72,EVENT_OBSTACLE,PLAYING,750.0,151.0,HIGH,undef,HIGH,"TOPLEFT, TOPRIGHT, BOTTOMRIGHT, MIDDLE",0,0 days 00:05:33.720000000
504,333.97,CONTINUOUS,PLAYING,750.0,151.0,HIGH,undef,HIGH,none,0,0 days 00:05:33.970000000
505,334.99,CONTINUOUS,PLAYING,850.0,131.0,HIGH,undef,HIGH,none,0,0 days 00:05:34.990000000
506,335.27,EVENT_PICKUP,PLAYING,850.0,134.0,HIGH,undef,HIGH,none,0,0 days 00:05:35.270000000
507,335.34,EVENT_OBSTACLE,PLAYING,850.0,134.0,HIGH,undef,HIGH,"TOPLEFT, TOPRIGHT, BOTTOMLEFT, MIDDLE",0,0 days 00:05:35.340000000
508,336.01,CONTINUOUS,PLAYING,850.0,134.0,HIGH,undef,HIGH,none,0,0 days 00:05:36.010000000
509,336.81,EVENT_PICKUP,PLAYING,950.0,137.0,HIGH,undef,HIGH,none,0,0 days 00:05:36.810000000
510,336.96,EVENT_OBSTACLE,PLAYING,950.0,137.0,HIGH,undef,HIGH,"TOPRIGHT, BOTTOMLEFT, BOTTOMRIGHT, MIDDLE",0,0 days 00:05:36.960000000
511,337.02,CONTINUOUS,PLAYING,950.0,138.0,HIGH,undef,HIGH,none,0,0 days 00:05:37.020000000
512,338.03,CONTINUOUS,PLAYING,1050.0,140.0,HIGH,undef,HIGH,none,0,0 days 00:05:38.030000000
513,338.59,EVENT_OBSTACLE,PLAYING,1050.0,140.0,HIGH,undef,HIGH,FARBOTTOMRIGHT,0,0 days 00:05:38.590000000
514,339.03,CONTINUOUS,PLAYING,1050.0,142.0,HIGH,undef,HIGH,none,0,0 days 00:05:39.030000000
515,340.04,CONTINUOUS,PLAYING,1050.0,138.0,HIGH,undef,HIGH,none,0,0 days 00:05:40.040000000
516,340.14,EVENT_CRASH,PLAYING,1000.0,138.0,HIGH,undef,HIGH,FARBOTTOMRIGHT,0,0 days 00:05:40.140000000
517,341.06,CONTINUOUS,PLAYING,1000.0,144.0,HIGH,undef,HIGH,none,0,0 days 00:05:41.060000000
518,341.83,EVENT_OBSTACLE,PLAYING,1000.0,144.0,HIGH,undef,HIGH,FARBOTTOMLEFT,0,0 days 00:05:41.830000000
519,342.06,CONTINUOUS,PLAYING,1000.0,144.0,HIGH,undef,HIGH,none,0,0 days 00:05:42.060000000
520,343.08,CONTINUOUS,PLAYING,1000.0,138.0,HIGH,undef,HIGH,none,0,0 days 00:05:43.080000000
521,343.38,EVENT_CRASH,PLAYING,950.0,138.0,HIGH,undef,HIGH,"TOPLEFT, TOPRIGHT, BOTTOMRIGHT, MIDDLE",0,0 days 00:05:43.380000000
522,344.08,CONTINUOUS,PLAYING,950.0,135.0,HIGH,undef,HIGH,none,0,0 days 00:05:44.080000000
523,345.01,EVENT_CRASH,PLAYING,900.0,131.0,HIGH,undef,HIGH,"TOPRIGHT, BOTTOMLEFT, BOTTOMRIGHT, MIDDLE",0,0 days 00:05:45.010000000
524,345.08,CONTINUOUS,PLAYING,900.0,131.0,HIGH,undef,HIGH,none,0,0 days 00:05:45.080000000
525,346.08,CONTINUOUS,PLAYING,900.0,130.0,HIGH,undef,HIGH,none,0,0 days 00:05:46.080000000
526,346.7,EVENT_OBSTACLE,PLAYING,900.0,130.0,HIGH,undef,HIGH,"TOPLEFT, BOTTOMLEFT, BOTTOMRIGHT, MIDDLE",0,0 days 00:05:46.700000000
527,347.08,CONTINUOUS,PLAYING,900.0,133.0,HIGH,undef,HIGH,none,0,0 days 00:05:47.080000000
528,348.1,CONTINUOUS,PLAYING,900.0,135.0,HIGH,undef,HIGH,none,0,0 days 00:05:48.100000000
529,348.25,EVENT_CRASH,PLAYING,850.0,135.0,HIGH,undef,HIGH,"TOPLEFT, BOTTOMLEFT, BOTTOMRIGHT, MIDDLE",0,0 days 00:05:48.250000000
530,349.1,CONTINUOUS,PLAYING,850.0,138.0,HIGH,undef,HIGH,none,0,0 days 00:05:49.100000000
531,349.87,EVENT_CRASH,PLAYING,800.0,138.0,HIGH,undef,HIGH,FARBOTTOMLEFT,0,0 days 00:05:49.870000000
532,350.12,CONTINUOUS,PLAYING,800.0,141.0,HIGH,undef,HIGH,none,0,0 days 00:05:50.120000000
533,351.12,CONTINUOUS,PLAYING,800.0,143.0,HIGH,undef,HIGH,none,0,0 days 00:05:51.120000000
534,351.37,EVENT_PICKUP,PLAYING,800.0,143.0,HIGH,undef,HIGH,none,0,0 days 00:05:51.370000000
535,351.57,EVENT_OBSTACLE,PLAYING,800.0,143.0,HIGH,undef,HIGH,"TOPLEFT, TOPRIGHT, BOTTOMLEFT, MIDDLE",0,0 days 00:05:51.570000000
536,352.12,CONTINUOUS,PLAYING,800.0,144.0,HIGH,undef,HIGH,none,0,0 days 00:05:52.120000000
537,353.12,CONTINUOUS,PLAYING,900.0,143.0,HIGH,undef,HIGH,none,0,0 days 00:05:53.120000000
538,353.12,EVENT_CRASH,PLAYING,850.0,143.0,HIGH,undef,HIGH,"TOPRIGHT, BOTTOMLEFT, BOTTOMRIGHT, MIDDLE",0,0 days 00:05:53.120000000
539,354.12,CONTINUOUS,PLAYING,850.0,143.0,HIGH,undef,HIGH,none,0,0 days 00:05:54.120000000
540,354.8,EVENT_OBSTACLE,PLAYING,850.0,143.0,HIGH,undef,HIGH,FARBOTTOMRIGHT,0,0 days 00:05:54.800000000
541,355.12,CONTINUOUS,PLAYING,850.0,143.0,HIGH,undef,HIGH,none,0,0 days 00:05:55.120000000
542,356.12,CONTINUOUS,PLAYING,850.0,141.0,HIGH,undef,HIGH,none,0,0 days 00:05:56.120000000
543,356.44,EVENT_OBSTACLE,PLAYING,850.0,141.0,HIGH,undef,HIGH,"TOPLEFT, BOTTOMLEFT, BOTTOMRIGHT, MIDDLE",0,0 days 00:05:56.440000000
544,357.14,CONTINUOUS,PLAYING,850.0,138.0,HIGH,undef,HIGH,none,0,0 days 00:05:57.140000000
545,357.99,EVENT_CRASH,PLAYING,800.0,134.0,HIGH,undef,HIGH,"TOPLEFT, TOPRIGHT, BOTTOMRIGHT, MIDDLE",0,0 days 00:05:57.990000000
546,358.14,CONTINUOUS,PLAYING,800.0,134.0,HIGH,undef,HIGH,none,0,0 days 00:05:58.140000000
547,359.16,CONTINUOUS,PLAYING,800.0,134.0,HIGH,undef,HIGH,none,0,0 days 00:05:59.160000000
548,359.61,EVENT_CRASH,PLAYING,750.0,134.0,HIGH,undef,HIGH,"TOPLEFT, TOPRIGHT, BOTTOMRIGHT, MIDDLE",0,0 days 00:05:59.610000000
549,360.16,CONTINUOUS,PLAYING,750.0,137.0,HIGH,undef,HIGH,none,0,0 days 00:06:00.160000000
550,361.18,CONTINUOUS,PLAYING,750.0,139.0,HIGH,undef,HIGH,none,0,0 days 00:06:01.180000000
551,361.29,EVENT_OBSTACLE,PLAYING,750.0,139.0,HIGH,undef,HIGH,"TOPRIGHT, BOTTOMLEFT, BOTTOMRIGHT, MIDDLE",0,0 days 00:06:01.290000000
552,362.19,CONTINUOUS,PLAYING,750.0,140.0,HIGH,undef,HIGH,none,0,0 days 00:06:02.190000000
553,362.91,EVENT_OBSTACLE,PLAYING,750.0,140.0,HIGH,undef,HIGH,"TOPLEFT, TOPRIGHT, BOTTOMLEFT, MIDDLE",0,0 days 00:06:02.910000000
554,363.2,CONTINUOUS,PLAYING,750.0,142.0,HIGH,undef,HIGH,none,0,0 days 00:06:03.200000000
555,364.2,CONTINUOUS,PLAYING,750.0,142.0,HIGH,undef,HIGH,none,0,0 days 00:06:04.200000000
556,364.53,EVENT_OBSTACLE,PLAYING,750.0,142.0,HIGH,undef,HIGH,FARBOTTOMRIGHT,0,0 days 00:06:04.530000000
557,365.2,CONTINUOUS,PLAYING,750.0,142.0,HIGH,undef,HIGH,none,0,0 days 00:06:05.200000000
558,365.93,EVENT_PICKUP,PLAYING,750.0,140.0,HIGH,undef,HIGH,none,0,0 days 00:06:05.930000000
559,366.15,EVENT_OBSTACLE,PLAYING,750.0,140.0,HIGH,undef,HIGH,"TOPRIGHT, BOTTOMLEFT, BOTTOMRIGHT, MIDDLE",0,0 days 00:06:06.150000000
560,366.2,CONTINUOUS,PLAYING,750.0,140.0,HIGH,undef,HIGH,none,0,0 days 00:06:06.200000000
561,367.2,CONTINUOUS,PLAYING,850.0,142.0,HIGH,undef,HIGH,none,0,0 days 00:06:07.200000000
562,367.72,EVENT_CRASH,PLAYING,800.0,142.0,HIGH,undef,HIGH,"TOPLEFT, TOPRIGHT, BOTTOMRIGHT, MIDDLE",0,0 days 00:06:07.720000000
563,368.2,CONTINUOUS,PLAYING,800.0,143.0,HIGH,undef,HIGH,none,0,0 days 00:06:08.200000000
564,369.2,CONTINUOUS,PLAYING,800.0,142.0,HIGH,undef,HIGH,none,0,0 days 00:06:09.200000000
565,369.4,EVENT_OBSTACLE,PLAYING,800.0,142.0,HIGH,undef,HIGH,"TOPLEFT, TOPRIGHT, BOTTOMLEFT, MIDDLE",0,0 days 00:06:09.400000000
566,370.2,CONTINUOUS,PLAYING,800.0,142.0,HIGH,undef,HIGH,none,0,0 days 00:06:10.200000000
567,370.95,EVENT_CRASH,PLAYING,750.0,141.0,HIGH,undef,HIGH,"TOPLEFT, TOPRIGHT, BOTTOMLEFT, MIDDLE",0,0 days 00:06:10.950000000
568,371.2,CONTINUOUS,PLAYING,750.0,141.0,HIGH,undef,HIGH,none,0,0 days 00:06:11.200000000
569,372.2,CONTINUOUS,PLAYING,750.0,141.0,HIGH,undef,HIGH,none,0,0 days 00:06:12.200000000
570,372.57,EVENT_CRASH,PLAYING,700.0,141.0,HIGH,undef,HIGH,FARBOTTOMRIGHT,0,0 days 00:06:12.570000000
571,373.2,CONTINUOUS,PLAYING,700.0,141.0,HIGH,undef,HIGH,none,0,0 days 00:06:13.200000000
572,374.2,CONTINUOUS,PLAYING,700.0,144.0,HIGH,undef,HIGH,none,0,0 days 00:06:14.200000000
573,374.27,EVENT_OBSTACLE,PLAYING,700.0,144.0,HIGH,undef,HIGH,"TOPRIGHT, BOTTOMLEFT, BOTTOMRIGHT, MIDDLE",0,0 days 00:06:14.270000000
574,375.21,CONTINUOUS,PLAYING,700.0,144.0,HIGH,undef,HIGH,none,0,0 days 00:06:15.210000000
575,375.89,EVENT_OBSTACLE,PLAYING,700.0,144.0,HIGH,undef,HIGH,"TOPLEFT, TOPRIGHT, BOTTOMLEFT, MIDDLE",0,0 days 00:06:15.890000000
576,376.21,CONTINUOUS,PLAYING,700.0,143.0,HIGH,undef,HIGH,none,0,0 days 00:06:16.210000000
577,377.21,CONTINUOUS,PLAYING,700.0,143.0,HIGH,undef,HIGH,none,0,0 days 00:06:17.210000000
578,377.46,EVENT_CRASH,PLAYING,650.0,143.0,HIGH,undef,HIGH,"TOPLEFT, BOTTOMLEFT, BOTTOMRIGHT, MIDDLE",0,0 days 00:06:17.460000000
579,378.22,CONTINUOUS,PLAYING,650.0,142.0,HIGH,undef,HIGH,none,0,0 days 00:06:18.220000000
580,379.14,EVENT_OBSTACLE,PLAYING,650.0,142.0,HIGH,undef,HIGH,"TOPLEFT, TOPRIGHT, BOTTOMRIGHT, MIDDLE",0,0 days 00:06:19.140000000
581,379.22,CONTINUOUS,PLAYING,650.0,142.0,HIGH,undef,HIGH,none,0,0 days 00:06:19.220000000
582,380.23,CONTINUOUS,PLAYING,650.0,142.0,HIGH,undef,HIGH,none,0,0 days 00:06:20.230000000
583,380.76,EVENT_OBSTACLE,PLAYING,650.0,142.0,HIGH,undef,HIGH,"TOPRIGHT, BOTTOMLEFT, BOTTOMRIGHT, MIDDLE",0,0 days 00:06:20.760000000
584,381.25,CONTINUOUS,PLAYING,650.0,144.0,HIGH,undef,HIGH,none,0,0 days 00:06:21.250000000
585,382.26,CONTINUOUS,PLAYING,650.0,145.0,HIGH,undef,HIGH,none,0,0 days 00:06:22.260000000
586,382.38,EVENT_OBSTACLE,PLAYING,650.0,145.0,HIGH,undef,HIGH,"TOPLEFT, TOPRIGHT, BOTTOMLEFT, MIDDLE",0,0 days 00:06:22.380000000
587,383.27,CONTINUOUS,PLAYING,650.0,146.0,HIGH,undef,HIGH,none,0,0 days 00:06:23.270000000
588,384.01,EVENT_OBSTACLE,PLAYING,650.0,147.0,HIGH,undef,HIGH,FARBOTTOMRIGHT,0,0 days 00:06:24.010000000
589,384.28,CONTINUOUS,PLAYING,650.0,147.0,HIGH,undef,HIGH,none,0,0 days 00:06:24.280000000
590,385.3,CONTINUOUS,PLAYING,650.0,147.0,HIGH,undef,HIGH,none,0,0 days 00:06:25.300000000
591,385.43,EVENT_PICKUP,PLAYING,650.0,147.0,HIGH,undef,HIGH,none,0,0 days 00:06:25.430000000
592,385.63,EVENT_OBSTACLE,PLAYING,650.0,147.0,HIGH,undef,HIGH,"TOPRIGHT, BOTTOMLEFT, BOTTOMRIGHT, MIDDLE",0,0 days 00:06:25.630000000
593,386.3,CONTINUOUS,PLAYING,650.0,147.0,HIGH,undef,HIGH,none,0,0 days 00:06:26.300000000
594,387.26,EVENT_OBSTACLE,PLAYING,750.0,149.0,HIGH,undef,HIGH,"TOPLEFT, TOPRIGHT, BOTTOMLEFT, MIDDLE",0,0 days 00:06:27.260000000
595,387.31,CONTINUOUS,PLAYING,750.0,149.0,HIGH,undef,HIGH,none,0,0 days 00:06:27.310000000
596,388.32,CONTINUOUS,PLAYING,750.0,147.0,HIGH,undef,HIGH,none,0,0 days 00:06:28.320000000
597,388.88,EVENT_OBSTACLE,PLAYING,750.0,148.0,HIGH,undef,HIGH,FARBOTTOMRIGHT,0,0 days 00:06:28.880000000
598,389.34,CONTINUOUS,PLAYING,750.0,148.0,HIGH,undef,HIGH,none,0,0 days 00:06:29.340000000
599,390.35,CONTINUOUS,PLAYING,750.0,149.0,HIGH,undef,HIGH,none,0,0 days 00:06:30.350000000
600,390.43,EVENT_CRASH,PLAYING,700.0,149.0,HIGH,undef,HIGH,FARBOTTOMLEFT,0,0 days 00:06:30.430000000
601,391.35,CONTINUOUS,PLAYING,700.0,149.0,HIGH,undef,HIGH,none,0,0 days 00:06:31.350000000
602,392.05,EVENT_CRASH,PLAYING,650.0,147.0,HIGH,undef,HIGH,"TOPLEFT, BOTTOMLEFT, BOTTOMRIGHT, MIDDLE",0,0 days 00:06:32.050000000
603,392.35,CONTINUOUS,PLAYING,650.0,147.0,HIGH,undef,HIGH,none,0,0 days 00:06:32.350000000
604,393.35,CONTINUOUS,PLAYING,650.0,144.0,HIGH,undef,HIGH,none,0,0 days 00:06:33.350000000
605,393.74,EVENT_OBSTACLE,PLAYING,650.0,144.0,HIGH,undef,HIGH,"TOPRIGHT, BOTTOMLEFT, BOTTOMRIGHT, MIDDLE",0,0 days 00:06:33.740000000
606,394.35,CONTINUOUS,PLAYING,650.0,142.0,HIGH,undef,HIGH,none,0,0 days 00:06:34.350000000
607,395.35,EVENT_OBSTACLE,PLAYING,650.0,143.0,HIGH,undef,HIGH,"TOPLEFT, TOPRIGHT, BOTTOMLEFT, MIDDLE",0,0 days 00:06:35.350000000
608,395.37,CONTINUOUS,PLAYING,650.0,143.0,HIGH,undef,HIGH,none,0,0 days 00:06:35.370000000
609,396.37,CONTINUOUS,PLAYING,650.0,143.0,HIGH,undef,HIGH,none,0,0 days 00:06:36.370000000
610,396.99,EVENT_OBSTACLE,PLAYING,650.0,144.0,HIGH,undef,HIGH,"TOPLEFT, BOTTOMLEFT, BOTTOMRIGHT, MIDDLE",0,0 days 00:06:36.990000000
611,397.39,CONTINUOUS,PLAYING,650.0,144.0,HIGH,undef,HIGH,none,0,0 days 00:06:37.390000000
612,398.39,CONTINUOUS,PLAYING,650.0,144.0,HIGH,undef,HIGH,none,0,0 days 00:06:38.390000000
613,398.61,EVENT_OBSTACLE,PLAYING,650.0,144.0,HIGH,undef,HIGH,"TOPLEFT, TOPRIGHT, BOTTOMLEFT, MIDDLE",0,0 days 00:06:38.610000000
614,399.41,CONTINUOUS,PLAYING,650.0,146.0,HIGH,undef,HIGH,none,0,0 days 00:06:39.410000000
615,400.16,EVENT_CRASH,PLAYING,600.0,146.0,HIGH,undef,HIGH,"TOPRIGHT, BOTTOMLEFT, BOTTOMRIGHT, MIDDLE",0,0 days 00:06:40.160000000
616,400.41,CONTINUOUS,PLAYING,600.0,146.0,HIGH,undef,HIGH,none,0,0 days 00:06:40.410000000
617,401.41,CONTINUOUS,PLAYING,600.0,146.0,HIGH,undef,HIGH,none,0,0 days 00:06:41.410000000
618,401.69,EVENT_PICKUP,PLAYING,600.0,146.0,HIGH,undef,HIGH,none,0,0 days 00:06:41.690000000
619,401.84,EVENT_OBSTACLE,PLAYING,600.0,147.0,HIGH,undef,HIGH,"TOPLEFT, TOPRIGHT, BOTTOMRIGHT, MIDDLE",0,0 days 00:06:41.840000000
620,402.41,CONTINUOUS,PLAYING,600.0,147.0,HIGH,undef,HIGH,none,0,0 days 00:06:42.410000000
621,403.43,CONTINUOUS,PLAYING,700.0,147.0,HIGH,undef,HIGH,none,0,0 days 00:06:43.430000000
622,403.46,EVENT_OBSTACLE,PLAYING,700.0,147.0,HIGH,undef,HIGH,FARBOTTOMLEFT,0,0 days 00:06:43.460000000
623,404.43,CONTINUOUS,PLAYING,700.0,148.0,HIGH,undef,HIGH,none,0,0 days 00:06:44.430000000
624,405.01,EVENT_CRASH,PLAYING,650.0,147.0,HIGH,undef,HIGH,"TOPRIGHT, BOTTOMLEFT, BOTTOMRIGHT, MIDDLE",0,0 days 00:06:45.010000000
625,405.43,CONTINUOUS,PLAYING,650.0,147.0,HIGH,undef,HIGH,none,0,0 days 00:06:45.430000000
626,406.45,CONTINUOUS,PLAYING,650.0,147.0,HIGH,undef,HIGH,none,0,0 days 00:06:46.450000000
627,406.63,EVENT_CRASH,PLAYING,600.0,147.0,HIGH,undef,HIGH,FARBOTTOMRIGHT,0,0 days 00:06:46.630000000
628,407.45,CONTINUOUS,PLAYING,600.0,147.0,HIGH,undef,HIGH,none,0,0 days 00:06:47.450000000
629,408.13,EVENT_PICKUP,PLAYING,600.0,147.0,HIGH,undef,HIGH,none,0,0 days 00:06:48.130000000
630,408.32,EVENT_OBSTACLE,PLAYING,600.0,147.0,HIGH,undef,HIGH,"TOPLEFT, TOPRIGHT, BOTTOMLEFT, MIDDLE",0,0 days 00:06:48.320000000
631,408.46,CONTINUOUS,PLAYING,600.0,147.0,HIGH,undef,HIGH,none,0,0 days 00:06:48.460000000
632,409.47,CONTINUOUS,PLAYING,700.0,146.0,HIGH,undef,HIGH,none,0,0 days 00:06:49.470000000
633,409.95,EVENT_OBSTACLE,PLAYING,700.0,146.0,HIGH,undef,HIGH,"TOPLEFT, BOTTOMLEFT, BOTTOMRIGHT, MIDDLE",0,0 days 00:06:49.950000000
634,410.47,CONTINUOUS,PLAYING,700.0,146.0,HIGH,undef,HIGH,none,0,0 days 00:06:50.470000000
635,411.47,CONTINUOUS,PLAYING,700.0,147.0,HIGH,undef,HIGH,none,0,0 days 00:06:51.470000000
636,411.5,EVENT_CRASH,PLAYING,650.0,147.0,HIGH,undef,HIGH,FARBOTTOMRIGHT,0,0 days 00:06:51.500000000
637,412.48,CONTINUOUS,PLAYING,650.0,148.0,HIGH,undef,HIGH,none,0,0 days 00:06:52.480000000
638,413.12,EVENT_CRASH,PLAYING,600.0,149.0,HIGH,undef,HIGH,"TOPLEFT, BOTTOMLEFT, BOTTOMRIGHT, MIDDLE",0,0 days 00:06:53.120000000
639,413.49,CONTINUOUS,PLAYING,600.0,149.0,HIGH,undef,HIGH,none,0,0 days 00:06:53.490000000
640,414.5,CONTINUOUS,PLAYING,600.0,151.0,HIGH,undef,HIGH,none,0,0 days 00:06:54.500000000
641,414.81,EVENT_OBSTACLE,PLAYING,600.0,149.0,HIGH,undef,HIGH,"TOPLEFT, TOPRIGHT, BOTTOMRIGHT, MIDDLE",0,0 days 00:06:54.810000000
642,415.52,CONTINUOUS,PLAYING,600.0,149.0,HIGH,undef,HIGH,none,0,0 days 00:06:55.520000000
643,416.36,EVENT_CRASH,PLAYING,550.0,147.0,HIGH,undef,HIGH,"TOPLEFT, TOPRIGHT, BOTTOMLEFT, MIDDLE",0,0 days 00:06:56.360000000
644,416.52,CONTINUOUS,PLAYING,550.0,147.0,HIGH,undef,HIGH,none,0,0 days 00:06:56.520000000
645,417.52,CONTINUOUS,PLAYING,550.0,148.0,HIGH,undef,HIGH,none,0,0 days 00:06:57.520000000
646,417.97,EVENT_CRASH,PLAYING,500.0,149.0,HIGH,undef,HIGH,FARBOTTOMRIGHT,0,0 days 00:06:57.970000000
647,418.53,CONTINUOUS,PLAYING,500.0,149.0,HIGH,undef,HIGH,none,0,0 days 00:06:58.530000000
648,419.46,EVENT_PICKUP,PLAYING,500.0,150.0,HIGH,undef,HIGH,none,0,0 days 00:06:59.460000000
649,419.54,CONTINUOUS,PLAYING,500.0,150.0,HIGH,undef,HIGH,none,0,0 days 00:06:59.540000000
650,419.66,EVENT_OBSTACLE,PLAYING,500.0,150.0,HIGH,undef,HIGH,"TOPRIGHT, BOTTOMLEFT, BOTTOMRIGHT, MIDDLE",0,0 days 00:06:59.660000000
651,420.54,CONTINUOUS,PLAYING,600.0,150.0,HIGH,undef,HIGH,none,0,0 days 00:07:00.540000000
652,421.21,EVENT_CRASH,PLAYING,550.0,149.0,HIGH,undef,HIGH,FARBOTTOMLEFT,0,0 days 00:07:01.210000000
653,421.54,CONTINUOUS,PLAYING,550.0,149.0,HIGH,undef,HIGH,none,0,0 days 00:07:01.540000000
654,422.54,CONTINUOUS,PLAYING,550.0,148.0,HIGH,undef,HIGH,none,0,0 days 00:07:02.540000000
655,422.83,EVENT_CRASH,PLAYING,500.0,148.0,HIGH,undef,HIGH,"TOPLEFT, BOTTOMLEFT, BOTTOMRIGHT, MIDDLE",0,0 days 00:07:02.830000000
656,423.56,CONTINUOUS,PLAYING,500.0,148.0,HIGH,undef,HIGH,none,0,0 days 00:07:03.560000000
657,424.44,EVENT_CRASH,PLAYING,450.0,148.0,HIGH,undef,HIGH,FARBOTTOMLEFT,0,0 days 00:07:04.440000000
658,424.56,CONTINUOUS,PLAYING,450.0,148.0,HIGH,undef,HIGH,none,0,0 days 00:07:04.560000000
659,425.56,CONTINUOUS,PLAYING,450.0,148.0,HIGH,undef,HIGH,none,0,0 days 00:07:05.560000000
660,426.15,EVENT_OBSTACLE,PLAYING,450.0,148.0,HIGH,undef,HIGH,"TOPLEFT, BOTTOMLEFT, BOTTOMRIGHT, MIDDLE",0,0 days 00:07:06.150000000
661,426.56,CONTINUOUS,PLAYING,450.0,148.0,HIGH,undef,HIGH,none,0,0 days 00:07:06.560000000
662,427.56,CONTINUOUS,PLAYING,450.0,148.0,HIGH,undef,HIGH,none,0,0 days 00:07:07.560000000
663,427.7,EVENT_CRASH,PLAYING,400.0,148.0,HIGH,undef,HIGH,FARBOTTOMRIGHT,0,0 days 00:07:07.700000000
664,428.56,CONTINUOUS,PLAYING,400.0,147.0,HIGH,undef,HIGH,none,0,0 days 00:07:08.560000000
665,429.53,EVENT_CRASH,PLAYING,350.0,147.0,HIGH,undef,HIGH,"TOPLEFT, TOPRIGHT, BOTTOMLEFT, MIDDLE",0,0 days 00:07:09.530000000
666,429.57,CONTINUOUS,PLAYING,350.0,147.0,HIGH,undef,HIGH,none,0,0 days 00:07:09.570000000
667,430.58,CONTINUOUS,PLAYING,350.0,146.0,HIGH,undef,HIGH,none,0,0 days 00:07:10.580000000
668,431.35,EVENT_CRASH,PLAYING,300.0,144.0,HIGH,undef,HIGH,"TOPRIGHT, BOTTOMLEFT, BOTTOMRIGHT, MIDDLE",0,0 days 00:07:11.350000000
669,431.58,CONTINUOUS,PLAYING,300.0,144.0,HIGH,undef,HIGH,none,0,0 days 00:07:11.580000000
670,432.59,CONTINUOUS,PLAYING,300.0,143.0,HIGH,undef,HIGH,none,0,0 days 00:07:12.590000000
671,433.23,EVENT_OBSTACLE,PLAYING,300.0,143.0,HIGH,undef,HIGH,"TOPLEFT, TOPRIGHT, BOTTOMLEFT, MIDDLE",0,0 days 00:07:13.230000000
672,433.6,CONTINUOUS,PLAYING,300.0,143.0,HIGH,undef,HIGH,none,0,0 days 00:07:13.600000000
673,434.6,CONTINUOUS,PLAYING,300.0,142.0,HIGH,undef,HIGH,none,0,0 days 00:07:14.600000000
674,435.05,EVENT_OBSTACLE,PLAYING,300.0,143.0,HIGH,undef,HIGH,"TOPLEFT, TOPRIGHT, BOTTOMLEFT, MIDDLE",0,0 days 00:07:15.050000000
675,435.6,CONTINUOUS,PLAYING,300.0,143.0,HIGH,undef,HIGH,none,0,0 days 00:07:15.600000000
676,436.6,CONTINUOUS,PLAYING,300.0,144.0,HIGH,undef,HIGH,none,0,0 days 00:07:16.600000000
677,436.87,EVENT_OBSTACLE,PLAYING,300.0,146.0,HIGH,undef,HIGH,"TOPLEFT, BOTTOMLEFT, BOTTOMRIGHT, MIDDLE",0,0 days 00:07:16.870000000
678,437.6,CONTINUOUS,PLAYING,300.0,146.0,HIGH,undef,HIGH,none,0,0 days 00:07:17.600000000
679,438.51,EVENT_PICKUP,PLAYING,300.0,146.0,HIGH,undef,HIGH,none,0,0 days 00:07:18.510000000
680,438.61,CONTINUOUS,PLAYING,300.0,146.0,HIGH,undef,HIGH,none,0,0 days 00:07:18.610000000
681,438.69,EVENT_OBSTACLE,PLAYING,300.0,146.0,HIGH,undef,HIGH,"TOPLEFT, BOTTOMLEFT, BOTTOMRIGHT, MIDDLE",0,0 days 00:07:18.690000000
682,439.62,CONTINUOUS,PLAYING,400.0,147.0,HIGH,undef,HIGH,none,0,0 days 00:07:19.620000000
683,440.51,EVENT_OBSTACLE,PLAYING,400.0,146.0,HIGH,undef,HIGH,"TOPLEFT, TOPRIGHT, BOTTOMLEFT, MIDDLE",0,0 days 00:07:20.510000000
684,440.62,CONTINUOUS,PLAYING,400.0,146.0,HIGH,undef,HIGH,none,0,0 days 00:07:20.620000000
685,441.62,CONTINUOUS,PLAYING,400.0,145.0,HIGH,undef,HIGH,none,0,0 days 00:07:21.620000000
686,442.12,EVENT_PICKUP,PLAYING,400.0,146.0,HIGH,undef,HIGH,none,0,0 days 00:07:22.120000000
687,442.32,EVENT_OBSTACLE,PLAYING,400.0,146.0,HIGH,undef,HIGH,"TOPLEFT, TOPRIGHT, BOTTOMLEFT, MIDDLE",0,0 days 00:07:22.320000000
688,442.63,CONTINUOUS,PLAYING,400.0,146.0,HIGH,undef,HIGH,none,0,0 days 00:07:22.630000000
689,443.63,CONTINUOUS,PLAYING,500.0,146.0,HIGH,undef,HIGH,none,0,0 days 00:07:23.630000000
690,444.08,EVENT_CRASH,PLAYING,450.0,148.0,HIGH,undef,HIGH,"TOPLEFT, TOPRIGHT, BOTTOMLEFT, MIDDLE",0,0 days 00:07:24.080000000
691,444.63,CONTINUOUS,PLAYING,450.0,148.0,HIGH,undef,HIGH,none,0,0 days 00:07:24.630000000
692,445.63,CONTINUOUS,PLAYING,450.0,149.0,HIGH,undef,HIGH,none,0,0 days 00:07:25.630000000
693,445.96,EVENT_OBSTACLE,PLAYING,450.0,148.0,HIGH,undef,HIGH,"TOPRIGHT, BOTTOMLEFT, BOTTOMRIGHT, MIDDLE",0,0 days 00:07:25.960000000
694,446.63,CONTINUOUS,PLAYING,450.0,148.0,HIGH,undef,HIGH,none,0,0 days 00:07:26.630000000
695,447.63,CONTINUOUS,PLAYING,450.0,147.0,HIGH,undef,HIGH,none,0,0 days 00:07:27.630000000
696,447.78,EVENT_OBSTACLE,PLAYING,450.0,145.0,HIGH,undef,HIGH,"TOPLEFT, TOPRIGHT, BOTTOMLEFT, MIDDLE",0,0 days 00:07:27.780000000
697,448.65,CONTINUOUS,PLAYING,450.0,145.0,HIGH,undef,HIGH,none,0,0 days 00:07:28.650000000
698,449.6,EVENT_OBSTACLE,PLAYING,450.0,143.0,HIGH,undef,HIGH,FARBOTTOMLEFT,0,0 days 00:07:29.600000000
699,449.65,CONTINUOUS,PLAYING,450.0,143.0,HIGH,undef,HIGH,none,0,0 days 00:07:29.650000000
700,450.65,CONTINUOUS,PLAYING,450.0,144.0,HIGH,undef,HIGH,none,0,0 days 00:07:30.650000000
701,451.35,EVENT_CRASH,PLAYING,400.0,140.0,HIGH,undef,HIGH,"TOPLEFT, TOPRIGHT, BOTTOMLEFT, MIDDLE",0,0 days 00:07:31.350000000
702,451.65,CONTINUOUS,PLAYING,400.0,140.0,HIGH,undef,HIGH,none,0,0 days 00:07:31.650000000
703,452.65,CONTINUOUS,PLAYING,400.0,134.0,HIGH,undef,HIGH,none,0,0 days 00:07:32.650000000
704,453.23,EVENT_OBSTACLE,PLAYING,400.0,134.0,HIGH,undef,HIGH,"TOPLEFT, TOPRIGHT, BOTTOMLEFT, MIDDLE",0,0 days 00:07:33.230000000
705,453.65,CONTINUOUS,PLAYING,400.0,134.0,HIGH,undef,HIGH,none,0,0 days 00:07:33.650000000
706,454.65,CONTINUOUS,PLAYING,400.0,133.0,HIGH,undef,HIGH,none,0,0 days 00:07:34.650000000
707,455.07,EVENT_OBSTACLE,PLAYING,400.0,136.0,HIGH,undef,HIGH,"TOPRIGHT, BOTTOMLEFT, BOTTOMRIGHT, MIDDLE",0,0 days 00:07:35.070000000
708,455.65,CONTINUOUS,PLAYING,400.0,136.0,HIGH,undef,HIGH,none,0,0 days 00:07:35.650000000
709,456.67,CONTINUOUS,PLAYING,400.0,139.0,HIGH,undef,HIGH,none,0,0 days 00:07:36.670000000
710,456.89,EVENT_OBSTACLE,PLAYING,400.0,143.0,HIGH,undef,HIGH,"TOPLEFT, TOPRIGHT, BOTTOMRIGHT, MIDDLE",0,0 days 00:07:36.890000000
711,457.67,CONTINUOUS,PLAYING,400.0,143.0,HIGH,undef,HIGH,none,0,0 days 00:07:37.670000000
712,458.69,CONTINUOUS,PLAYING,400.0,144.0,HIGH,undef,HIGH,none,0,0 days 00:07:38.690000000
713,458.71,EVENT_OBSTACLE,PLAYING,400.0,144.0,HIGH,undef,HIGH,FARBOTTOMRIGHT,0,0 days 00:07:38.710000000
714,459.69,CONTINUOUS,PLAYING,400.0,145.0,HIGH,undef,HIGH,none,0,0 days 00:07:39.690000000
715,460.46,EVENT_CRASH,PLAYING,350.0,145.0,HIGH,undef,HIGH,FARBOTTOMLEFT,0,0 days 00:07:40.460000000
716,460.71,CONTINUOUS,PLAYING,350.0,145.0,HIGH,undef,HIGH,none,0,0 days 00:07:40.710000000
717,461.71,CONTINUOUS,PLAYING,350.0,143.0,HIGH,undef,HIGH,none,0,0 days 00:07:41.710000000
718,462.34,EVENT_OBSTACLE,PLAYING,350.0,138.0,HIGH,undef,HIGH,"TOPLEFT, TOPRIGHT, BOTTOMLEFT, MIDDLE",0,0 days 00:07:42.340000000
719,462.71,CONTINUOUS,PLAYING,350.0,138.0,HIGH,undef,HIGH,none,0,0 days 00:07:42.710000000
720,463.71,CONTINUOUS,PLAYING,350.0,135.0,HIGH,undef,HIGH,none,0,0 days 00:07:43.710000000
721,464.1,EVENT_CRASH,PLAYING,300.0,135.0,HIGH,undef,HIGH,"TOPLEFT, BOTTOMLEFT, BOTTOMRIGHT, MIDDLE",0,0 days 00:07:44.100000000
722,464.71,CONTINUOUS,PLAYING,300.0,135.0,HIGH,undef,HIGH,none,0,0 days 00:07:44.710000000
723,465.71,CONTINUOUS,PLAYING,300.0,137.0,HIGH,undef,HIGH,none,0,0 days 00:07:45.710000000
724,465.98,EVENT_OBSTACLE,PLAYING,300.0,137.0,HIGH,undef,HIGH,"TOPLEFT, BOTTOMLEFT, BOTTOMRIGHT, MIDDLE",0,0 days 00:07:45.980000000
725,466.73,CONTINUOUS,PLAYING,300.0,139.0,HIGH,undef,HIGH,none,0,0 days 00:07:46.730000000
726,467.6,EVENT_PICKUP,PLAYING,300.0,140.0,HIGH,undef,HIGH,none,0,0 days 00:07:47.600000000
727,467.73,CONTINUOUS,PLAYING,300.0,140.0,HIGH,undef,HIGH,none,0,0 days 00:07:47.730000000
728,467.8,EVENT_OBSTACLE,PLAYING,300.0,140.0,HIGH,undef,HIGH,"TOPLEFT, TOPRIGHT, BOTTOMRIGHT, MIDDLE",0,0 days 00:07:47.800000000
729,468.73,CONTINUOUS,PLAYING,400.0,141.0,HIGH,undef,HIGH,none,0,0 days 00:07:48.730000000
730,469.56,EVENT_CRASH,PLAYING,350.0,142.0,HIGH,undef,HIGH,"TOPRIGHT, BOTTOMLEFT, BOTTOMRIGHT, MIDDLE",0,0 days 00:07:49.560000000
731,469.75,CONTINUOUS,PLAYING,350.0,142.0,HIGH,undef,HIGH,none,0,0 days 00:07:49.750000000
732,470.76,CONTINUOUS,PLAYING,350.0,143.0,HIGH,undef,HIGH,none,0,0 days 00:07:50.760000000
733,471.45,EVENT_OBSTACLE,PLAYING,350.0,144.0,HIGH,undef,HIGH,"TOPLEFT, TOPRIGHT, BOTTOMLEFT, MIDDLE",0,0 days 00:07:51.450000000
734,471.77,CONTINUOUS,PLAYING,350.0,144.0,HIGH,undef,HIGH,none,0,0 days 00:07:51.770000000
735,472.77,CONTINUOUS,PLAYING,350.0,144.0,HIGH,undef,HIGH,none,0,0 days 00:07:52.770000000
736,473.77,CONTINUOUS,BROKENSHIP,350.0,143.0,HIGH,undef,HIGH,none,0,0 days 00:07:53.770000000
737,474.77,CONTINUOUS,BROKENSHIP,350.0,142.0,HIGH,undef,HIGH,none,0,0 days 00:07:54.770000000
738,475.77,CONTINUOUS,BROKENSHIP,350.0,143.0,HIGH,undef,HIGH,none,0,0 days 00:07:55.770000000
739,476.77,CONTINUOUS,BROKENSHIP,350.0,145.0,HIGH,undef,HIGH,none,0,0 days 00:07:56.770000000
740,477.79,CONTINUOUS,BROKENSHIP,350.0,146.0,HIGH,undef,HIGH,none,0,0 days 00:07:57.790000000
741,478.8,CONTINUOUS,PLAYING,350.0,142.0,HIGH,undef,HIGH,none,0,0 days 00:07:58.800000000
742,479.81,CONTINUOUS,PLAYING,350.0,140.0,HIGH,undef,HIGH,none,0,0 days 00:07:59.810000000
743,480.81,CONTINUOUS,PLAYING,350.0,138.0,HIGH,undef,HIGH,none,0,0 days 00:08:00.810000000
744,481.81,CONTINUOUS,PLAYING,350.0,138.0,HIGH,undef,HIGH,none,0,0 days 00:08:01.810000000
745,482.83,CONTINUOUS,PLAYING,350.0,140.0,HIGH,undef,HIGH,none,0,0 days 00:08:02.830000000
746,483.83,CONTINUOUS,PLAYING,350.0,140.0,HIGH,undef,HIGH,none,0,0 days 00:08:03.830000000
747,484.39,EVENT_OBSTACLE,PLAYING,350.0,137.0,HIGH,undef,HIGH,FARBOTTOMRIGHT,0,0 days 00:08:04.390000000
748,484.83,CONTINUOUS,PLAYING,350.0,137.0,HIGH,undef,HIGH,none,0,0 days 00:08:04.830000000
749,485.84,CONTINUOUS,PLAYING,350.0,130.0,HIGH,undef,HIGH,none,0,0 days 00:08:05.840000000
750,486.23,EVENT_OBSTACLE,PLAYING,350.0,126.0,HIGH,undef,HIGH,"TOPLEFT, TOPRIGHT, BOTTOMLEFT, MIDDLE",0,0 days 00:08:06.230000000
751,486.84,CONTINUOUS,PLAYING,350.0,126.0,HIGH,undef,HIGH,none,0,0 days 00:08:06.840000000
752,487.85,CONTINUOUS,PLAYING,350.0,125.0,HIGH,undef,HIGH,none,0,0 days 00:08:07.850000000
753,488.0,EVENT_CRASH,PLAYING,300.0,125.0,HIGH,undef,HIGH,"TOPLEFT, TOPRIGHT, BOTTOMLEFT, MIDDLE",0,0 days 00:08:08.000000000
754,488.86,CONTINUOUS,PLAYING,300.0,127.0,HIGH,undef,HIGH,none,0,0 days 00:08:08.860000000
755,489.81,EVENT_CRASH,PLAYING,250.0,130.0,HIGH,undef,HIGH,FARBOTTOMRIGHT,0,0 days 00:08:09.810000000
756,489.86,CONTINUOUS,PLAYING,250.0,130.0,HIGH,undef,HIGH,none,0,0 days 00:08:09.860000000
757,490.87,CONTINUOUS,PLAYING,250.0,132.0,HIGH,undef,HIGH,none,0,0 days 00:08:10.870000000
758,491.63,EVENT_CRASH,PLAYING,200.0,135.0,HIGH,undef,HIGH,FARBOTTOMRIGHT,0,0 days 00:08:11.630000000
759,491.88,CONTINUOUS,PLAYING,200.0,135.0,HIGH,undef,HIGH,none,0,0 days 00:08:11.880000000
760,492.88,CONTINUOUS,PLAYING,200.0,136.0,HIGH,undef,HIGH,none,0,0 days 00:08:12.880000000
761,493.52,EVENT_OBSTACLE,PLAYING,200.0,137.0,HIGH,undef,HIGH,"TOPLEFT, TOPRIGHT, BOTTOMLEFT, MIDDLE",0,0 days 00:08:13.520000000
762,493.88,CONTINUOUS,PLAYING,200.0,137.0,HIGH,undef,HIGH,none,0,0 days 00:08:13.880000000
763,494.88,CONTINUOUS,PLAYING,200.0,136.0,HIGH,undef,HIGH,none,0,0 days 00:08:14.880000000
764,495.33,EVENT_OBSTACLE,PLAYING,200.0,135.0,HIGH,undef,HIGH,FARBOTTOMRIGHT,0,0 days 00:08:15.330000000
765,495.9,CONTINUOUS,PLAYING,200.0,135.0,HIGH,undef,HIGH,none,0,0 days 00:08:15.900000000
766,496.9,CONTINUOUS,PLAYING,200.0,135.0,HIGH,undef,HIGH,none,0,0 days 00:08:16.900000000
767,497.15,EVENT_OBSTACLE,PLAYING,200.0,137.0,HIGH,undef,HIGH,"TOPLEFT, TOPRIGHT, BOTTOMRIGHT, MIDDLE",0,0 days 00:08:17.150000000
768,497.9,CONTINUOUS,PLAYING,200.0,137.0,HIGH,undef,HIGH,none,0,0 days 00:08:17.900000000
769,498.79,EVENT_PICKUP,PLAYING,200.0,138.0,HIGH,undef,HIGH,none,0,0 days 00:08:18.790000000
770,498.91,CONTINUOUS,PLAYING,200.0,138.0,HIGH,undef,HIGH,none,0,0 days 00:08:18.910000000
771,498.97,EVENT_OBSTACLE,PLAYING,200.0,138.0,HIGH,undef,HIGH,"TOPLEFT, BOTTOMLEFT, BOTTOMRIGHT, MIDDLE",0,0 days 00:08:18.970000000
772,499.91,CONTINUOUS,PLAYING,300.0,139.0,HIGH,undef,HIGH,none,0,0 days 00:08:19.910000000
773,500.79,EVENT_OBSTACLE,PLAYING,300.0,141.0,HIGH,undef,HIGH,FARBOTTOMRIGHT,0,0 days 00:08:20.790000000
774,500.91,CONTINUOUS,PLAYING,300.0,141.0,HIGH,undef,HIGH,none,0,0 days 00:08:20.910000000
775,501.92,CONTINUOUS,PLAYING,300.0,143.0,HIGH,undef,HIGH,none,0,0 days 00:08:21.920000000
776,502.54,EVENT_CRASH,PLAYING,250.0,144.0,HIGH,undef,HIGH,FARBOTTOMRIGHT,0,0 days 00:08:22.540000000
777,502.92,CONTINUOUS,PLAYING,250.0,144.0,HIGH,undef,HIGH,none,0,0 days 00:08:22.920000000
778,503.92,CONTINUOUS,PLAYING,250.0,145.0,HIGH,undef,HIGH,none,0,0 days 00:08:23.920000000
779,504.43,EVENT_OBSTACLE,PLAYING,250.0,145.0,HIGH,undef,HIGH,FARBOTTOMRIGHT,0,0 days 00:08:24.430000000
780,504.93,CONTINUOUS,PLAYING,250.0,145.0,HIGH,undef,HIGH,none,0,0 days 00:08:24.930000000
781,505.93,CONTINUOUS,PLAYING,250.0,140.0,HIGH,undef,HIGH,none,0,0 days 00:08:25.930000000
782,506.04,EVENT_PICKUP,PLAYING,250.0,140.0,HIGH,undef,HIGH,none,0,0 days 00:08:26.040000000
783,506.24,EVENT_OBSTACLE,PLAYING,250.0,136.0,HIGH,undef,HIGH,"TOPLEFT, TOPRIGHT, BOTTOMLEFT, MIDDLE",0,0 days 00:08:26.240000000
784,506.93,CONTINUOUS,PLAYING,250.0,136.0,HIGH,undef,HIGH,none,0,0 days 00:08:26.930000000
785,507.93,CONTINUOUS,PLAYING,350.0,134.0,HIGH,undef,HIGH,none,0,0 days 00:08:27.930000000
786,508.06,EVENT_OBSTACLE,PLAYING,350.0,134.0,HIGH,undef,HIGH,"TOPLEFT, TOPRIGHT, BOTTOMRIGHT, MIDDLE",0,0 days 00:08:28.060000000
787,508.93,CONTINUOUS,PLAYING,350.0,133.0,HIGH,undef,HIGH,none,0,0 days 00:08:28.930000000
788,509.88,EVENT_OBSTACLE,PLAYING,350.0,135.0,HIGH,undef,HIGH,"TOPLEFT, TOPRIGHT, BOTTOMRIGHT, MIDDLE",0,0 days 00:08:29.880000000
789,509.93,CONTINUOUS,PLAYING,350.0,135.0,HIGH,undef,HIGH,none,0,0 days 00:08:29.930000000
790,510.95,CONTINUOUS,PLAYING,350.0,137.0,HIGH,undef,HIGH,none,0,0 days 00:08:30.950000000
791,511.65,EVENT_CRASH,PLAYING,300.0,139.0,HIGH,undef,HIGH,"TOPLEFT, TOPRIGHT, BOTTOMLEFT, MIDDLE",0,0 days 00:08:31.650000000
792,511.95,CONTINUOUS,PLAYING,300.0,139.0,HIGH,undef,HIGH,none,0,0 days 00:08:31.950000000
793,512.95,CONTINUOUS,PLAYING,300.0,141.0,HIGH,undef,HIGH,none,0,0 days 00:08:32.950000000
794,513.54,EVENT_OBSTACLE,PLAYING,300.0,142.0,HIGH,undef,HIGH,"TOPLEFT, TOPRIGHT, BOTTOMLEFT, MIDDLE",0,0 days 00:08:33.540000000
795,513.97,CONTINUOUS,PLAYING,300.0,142.0,HIGH,undef,HIGH,none,0,0 days 00:08:33.970000000
796,514.97,CONTINUOUS,PLAYING,300.0,142.0,HIGH,undef,HIGH,none,0,0 days 00:08:34.970000000
797,515.35,EVENT_OBSTACLE,PLAYING,300.0,139.0,HIGH,undef,HIGH,"TOPLEFT, TOPRIGHT, BOTTOMLEFT, MIDDLE",0,0 days 00:08:35.350000000
798,515.97,CONTINUOUS,PLAYING,300.0,139.0,HIGH,undef,HIGH,none,0,0 days 00:08:35.970000000
799,516.97,CONTINUOUS,PLAYING,300.0,136.0,HIGH,undef,HIGH,none,0,0 days 00:08:36.970000000
800,517.17,EVENT_OBSTACLE,PLAYING,300.0,133.0,HIGH,undef,HIGH,"TOPLEFT, TOPRIGHT, BOTTOMLEFT, MIDDLE",0,0 days 00:08:37.170000000
801,517.97,CONTINUOUS,PLAYING,300.0,133.0,HIGH,undef,HIGH,none,0,0 days 00:08:37.970000000
802,518.8,EVENT_PICKUP,PLAYING,300.0,134.0,HIGH,undef,HIGH,none,0,0 days 00:08:38.800000000
803,518.99,CONTINUOUS,PLAYING,300.0,134.0,HIGH,undef,HIGH,none,0,0 days 00:08:38.990000000
804,518.99,EVENT_OBSTACLE,PLAYING,300.0,134.0,HIGH,undef,HIGH,"TOPLEFT, TOPRIGHT, BOTTOMRIGHT, MIDDLE",0,0 days 00:08:38.990000000
805,519.99,CONTINUOUS,PLAYING,400.0,136.0,HIGH,undef,HIGH,none,0,0 days 00:08:39.990000000
806,520.62,EVENT_PICKUP,PLAYING,400.0,139.0,HIGH,undef,HIGH,none,0,0 days 00:08:40.620000000
807,520.8,EVENT_OBSTACLE,PLAYING,400.0,139.0,HIGH,undef,HIGH,"TOPLEFT, BOTTOMLEFT, BOTTOMRIGHT, MIDDLE",0,0 days 00:08:40.800000000
808,521.01,CONTINUOUS,PLAYING,400.0,139.0,HIGH,undef,HIGH,none,0,0 days 00:08:41.010000000
809,522.02,CONTINUOUS,PLAYING,500.0,141.0,HIGH,undef,HIGH,none,0,0 days 00:08:42.020000000
810,522.62,EVENT_OBSTACLE,PLAYING,500.0,143.0,HIGH,undef,HIGH,FARBOTTOMRIGHT,0,0 days 00:08:42.620000000
811,523.02,CONTINUOUS,PLAYING,500.0,143.0,HIGH,undef,HIGH,none,0,0 days 00:08:43.020000000
812,524.03,CONTINUOUS,PLAYING,500.0,143.0,HIGH,undef,HIGH,none,0,0 days 00:08:44.030000000
813,524.44,EVENT_OBSTACLE,PLAYING,500.0,144.0,HIGH,undef,HIGH,FARBOTTOMRIGHT,0,0 days 00:08:44.440000000
814,525.04,CONTINUOUS,PLAYING,500.0,139.0,HIGH,undef,HIGH,none,0,0 days 00:08:45.040000000
815,526.04,CONTINUOUS,PLAYING,500.0,131.0,HIGH,undef,HIGH,none,0,0 days 00:08:46.040000000
816,526.2,EVENT_CRASH,PLAYING,450.0,131.0,HIGH,undef,HIGH,"TOPLEFT, TOPRIGHT, BOTTOMRIGHT, MIDDLE",0,0 days 00:08:46.200000000
817,527.04,CONTINUOUS,PLAYING,450.0,127.0,HIGH,undef,HIGH,none,0,0 days 00:08:47.040000000
818,528.05,CONTINUOUS,PLAYING,450.0,131.0,HIGH,undef,HIGH,none,0,0 days 00:08:48.050000000
819,528.09,EVENT_OBSTACLE,PLAYING,450.0,131.0,HIGH,undef,HIGH,"TOPLEFT, TOPRIGHT, BOTTOMRIGHT, MIDDLE",0,0 days 00:08:48.090000000
820,529.06,CONTINUOUS,PLAYING,450.0,134.0,HIGH,undef,HIGH,none,0,0 days 00:08:49.060000000
821,529.71,EVENT_PICKUP,PLAYING,450.0,134.0,HIGH,undef,HIGH,none,0,0 days 00:08:49.710000000
822,529.91,EVENT_OBSTACLE,PLAYING,450.0,134.0,HIGH,undef,HIGH,"TOPLEFT, BOTTOMLEFT, BOTTOMRIGHT, MIDDLE",0,0 days 00:08:49.910000000
823,530.06,CONTINUOUS,PLAYING,450.0,136.0,HIGH,undef,HIGH,none,0,0 days 00:08:50.060000000
824,531.06,CONTINUOUS,PLAYING,550.0,136.0,HIGH,undef,HIGH,none,0,0 days 00:08:51.060000000
825,531.73,EVENT_OBSTACLE,PLAYING,550.0,136.0,HIGH,undef,HIGH,"TOPLEFT, BOTTOMLEFT, BOTTOMRIGHT, MIDDLE",0,0 days 00:08:51.730000000
826,532.06,CONTINUOUS,PLAYING,550.0,138.0,HIGH,undef,HIGH,none,0,0 days 00:08:52.060000000
827,533.07,CONTINUOUS,PLAYING,550.0,140.0,HIGH,undef,HIGH,none,0,0 days 00:08:53.070000000
828,533.48,EVENT_CRASH,PLAYING,500.0,140.0,HIGH,undef,HIGH,"TOPLEFT, TOPRIGHT, BOTTOMLEFT, MIDDLE",0,0 days 00:08:53.480000000
829,534.08,CONTINUOUS,PLAYING,500.0,140.0,HIGH,undef,HIGH,none,0,0 days 00:08:54.080000000
830,535.08,CONTINUOUS,PLAYING,500.0,140.0,HIGH,undef,HIGH,none,0,0 days 00:08:55.080000000
831,535.3,EVENT_CRASH,PLAYING,450.0,140.0,HIGH,undef,HIGH,FARBOTTOMLEFT,0,0 days 00:08:55.300000000
832,536.09,CONTINUOUS,PLAYING,450.0,142.0,HIGH,undef,HIGH,none,0,0 days 00:08:56.090000000
833,537.09,CONTINUOUS,PLAYING,450.0,142.0,HIGH,undef,HIGH,none,0,0 days 00:08:57.090000000
834,537.19,EVENT_OBSTACLE,PLAYING,450.0,142.0,HIGH,undef,HIGH,"TOPLEFT, TOPRIGHT, BOTTOMLEFT, MIDDLE",0,0 days 00:08:57.190000000
835,538.09,CONTINUOUS,PLAYING,450.0,141.0,HIGH,undef,HIGH,none,0,0 days 00:08:58.090000000
836,538.94,EVENT_PICKUP,PLAYING,450.0,141.0,HIGH,undef,HIGH,none,0,0 days 00:08:58.940000000
837,539.01,EVENT_OBSTACLE,PLAYING,450.0,141.0,HIGH,undef,HIGH,"TOPLEFT, BOTTOMLEFT, BOTTOMRIGHT, MIDDLE",0,0 days 00:08:59.010000000
838,539.1,CONTINUOUS,PLAYING,450.0,141.0,HIGH,undef,HIGH,none,0,0 days 00:08:59.100000000
839,540.11,CONTINUOUS,PLAYING,550.0,141.0,HIGH,undef,HIGH,none,0,0 days 00:09:00.110000000
840,540.79,EVENT_CRASH,PLAYING,500.0,141.0,HIGH,undef,HIGH,"TOPLEFT, TOPRIGHT, BOTTOMRIGHT, MIDDLE",0,0 days 00:09:00.790000000
841,541.11,CONTINUOUS,PLAYING,500.0,143.0,HIGH,undef,HIGH,none,0,0 days 00:09:01.110000000
842,542.11,CONTINUOUS,PLAYING,500.0,144.0,HIGH,undef,HIGH,none,0,0 days 00:09:02.110000000
843,542.66,EVENT_OBSTACLE,PLAYING,500.0,144.0,HIGH,undef,HIGH,"TOPLEFT, TOPRIGHT, BOTTOMLEFT, MIDDLE",0,0 days 00:09:02.660000000
844,543.11,CONTINUOUS,PLAYING,500.0,146.0,HIGH,undef,HIGH,none,0,0 days 00:09:03.110000000
845,544.11,CONTINUOUS,PLAYING,500.0,146.0,HIGH,undef,HIGH,none,0,0 days 00:09:04.110000000
846,544.48,EVENT_OBSTACLE,PLAYING,500.0,146.0,HIGH,undef,HIGH,FARBOTTOMLEFT,0,0 days 00:09:04.480000000
847,545.13,CONTINUOUS,PLAYING,500.0,146.0,HIGH,undef,HIGH,none,0,0 days 00:09:05.130000000
848,546.14,CONTINUOUS,PLAYING,500.0,146.0,HIGH,undef,HIGH,none,0,0 days 00:09:06.140000000
849,546.23,EVENT_CRASH,PLAYING,450.0,146.0,HIGH,undef,HIGH,FARBOTTOMLEFT,0,0 days 00:09:06.230000000
850,547.14,CONTINUOUS,PLAYING,450.0,146.0,HIGH,undef,HIGH,none,0,0 days 00:09:07.140000000
851,548.01,EVENT_PICKUP,PLAYING,450.0,143.0,HIGH,undef,HIGH,none,0,0 days 00:09:08.010000000
852,548.11,EVENT_OBSTACLE,PLAYING,450.0,143.0,HIGH,undef,HIGH,"TOPLEFT, BOTTOMLEFT, BOTTOMRIGHT, MIDDLE",0,0 days 00:09:08.110000000
853,548.15,CONTINUOUS,PLAYING,450.0,143.0,HIGH,undef,HIGH,none,0,0 days 00:09:08.150000000
854,549.15,CONTINUOUS,PLAYING,550.0,143.0,HIGH,undef,HIGH,none,0,0 days 00:09:09.150000000
855,549.76,EVENT_PICKUP,PLAYING,550.0,143.0,HIGH,undef,HIGH,none,0,0 days 00:09:09.760000000
856,549.93,EVENT_OBSTACLE,PLAYING,550.0,143.0,HIGH,undef,HIGH,"TOPLEFT, BOTTOMLEFT, BOTTOMRIGHT, MIDDLE",0,0 days 00:09:09.930000000
857,550.15,CONTINUOUS,PLAYING,550.0,144.0,HIGH,undef,HIGH,none,0,0 days 00:09:10.150000000
858,551.17,CONTINUOUS,PLAYING,650.0,145.0,HIGH,undef,HIGH,none,0,0 days 00:09:11.170000000
859,551.75,EVENT_OBSTACLE,PLAYING,650.0,145.0,HIGH,undef,HIGH,FARBOTTOMRIGHT,0,0 days 00:09:11.750000000
860,552.18,CONTINUOUS,PLAYING,650.0,146.0,HIGH,undef,HIGH,none,0,0 days 00:09:12.180000000
861,553.18,CONTINUOUS,PLAYING,650.0,141.0,HIGH,undef,HIGH,none,0,0 days 00:09:13.180000000
862,553.58,EVENT_OBSTACLE,PLAYING,650.0,141.0,HIGH,undef,HIGH,FARBOTTOMRIGHT,0,0 days 00:09:13.580000000
863,554.2,CONTINUOUS,PLAYING,650.0,132.0,HIGH,undef,HIGH,none,0,0 days 00:09:14.200000000
864,555.2,CONTINUOUS,PLAYING,650.0,126.0,HIGH,undef,HIGH,none,0,0 days 00:09:15.200000000
865,555.34,EVENT_CRASH,PLAYING,600.0,126.0,HIGH,undef,HIGH,"TOPLEFT, TOPRIGHT, BOTTOMLEFT, MIDDLE",0,0 days 00:09:15.340000000
866,556.22,CONTINUOUS,PLAYING,600.0,121.0,HIGH,undef,HIGH,none,0,0 days 00:09:16.220000000
867,557.22,CONTINUOUS,PLAYING,600.0,123.0,HIGH,undef,HIGH,none,0,0 days 00:09:17.220000000
868,557.22,EVENT_OBSTACLE,PLAYING,600.0,123.0,HIGH,undef,HIGH,"TOPLEFT, TOPRIGHT, BOTTOMLEFT, MIDDLE",0,0 days 00:09:17.220000000
869,558.22,CONTINUOUS,PLAYING,600.0,126.0,HIGH,undef,HIGH,none,0,0 days 00:09:18.220000000
870,559.04,EVENT_OBSTACLE,PLAYING,600.0,129.0,HIGH,undef,HIGH,"TOPLEFT, TOPRIGHT, BOTTOMRIGHT, MIDDLE",0,0 days 00:09:19.040000000
871,559.22,CONTINUOUS,PLAYING,600.0,129.0,HIGH,undef,HIGH,none,0,0 days 00:09:19.220000000
872,560.24,CONTINUOUS,PLAYING,600.0,131.0,HIGH,undef,HIGH,none,0,0 days 00:09:20.240000000
873,560.87,EVENT_OBSTACLE,PLAYING,600.0,131.0,HIGH,undef,HIGH,"TOPLEFT, TOPRIGHT, BOTTOMRIGHT, MIDDLE",0,0 days 00:09:20.870000000
874,561.24,CONTINUOUS,PLAYING,600.0,135.0,HIGH,undef,HIGH,none,0,0 days 00:09:21.240000000
875,562.24,CONTINUOUS,PLAYING,600.0,137.0,HIGH,undef,HIGH,none,0,0 days 00:09:22.240000000
876,562.69,EVENT_OBSTACLE,PLAYING,600.0,137.0,HIGH,undef,HIGH,FARBOTTOMLEFT,0,0 days 00:09:22.690000000
877,563.26,CONTINUOUS,PLAYING,600.0,139.0,HIGH,undef,HIGH,none,0,0 days 00:09:23.260000000
878,564.26,CONTINUOUS,PLAYING,600.0,136.0,HIGH,undef,HIGH,none,0,0 days 00:09:24.260000000
879,564.51,EVENT_OBSTACLE,PLAYING,600.0,136.0,HIGH,undef,HIGH,"TOPLEFT, TOPRIGHT, BOTTOMLEFT, MIDDLE",0,0 days 00:09:24.510000000
880,565.26,CONTINUOUS,PLAYING,600.0,132.0,HIGH,undef,HIGH,none,0,0 days 00:09:25.260000000
881,566.21,EVENT_PICKUP,PLAYING,600.0,131.0,HIGH,undef,HIGH,none,0,0 days 00:09:26.210000000
882,566.26,CONTINUOUS,PLAYING,600.0,131.0,HIGH,undef,HIGH,none,0,0 days 00:09:26.260000000
883,566.34,EVENT_OBSTACLE,PLAYING,600.0,131.0,HIGH,undef,HIGH,"TOPLEFT, TOPRIGHT, BOTTOMLEFT, MIDDLE",0,0 days 00:09:26.340000000
884,567.28,CONTINUOUS,PLAYING,700.0,129.0,HIGH,undef,HIGH,none,0,0 days 00:09:27.280000000
885,568.16,EVENT_OBSTACLE,PLAYING,700.0,130.0,HIGH,undef,HIGH,"TOPLEFT, TOPRIGHT, BOTTOMLEFT, MIDDLE",0,0 days 00:09:28.160000000
886,568.28,CONTINUOUS,PLAYING,700.0,130.0,HIGH,undef,HIGH,none,0,0 days 00:09:28.280000000
887,569.28,CONTINUOUS,PLAYING,700.0,133.0,HIGH,undef,HIGH,none,0,0 days 00:09:29.280000000
888,569.91,EVENT_CRASH,PLAYING,650.0,137.0,HIGH,undef,HIGH,"TOPLEFT, BOTTOMLEFT, BOTTOMRIGHT, MIDDLE",0,0 days 00:09:29.910000000
889,570.28,CONTINUOUS,PLAYING,650.0,137.0,HIGH,undef,HIGH,none,0,0 days 00:09:30.280000000
890,571.28,CONTINUOUS,PLAYING,650.0,139.0,HIGH,undef,HIGH,none,0,0 days 00:09:31.280000000
891,571.8,EVENT_OBSTACLE,PLAYING,650.0,139.0,HIGH,undef,HIGH,FARBOTTOMLEFT,0,0 days 00:09:31.800000000
892,572.3,CONTINUOUS,PLAYING,650.0,140.0,HIGH,undef,HIGH,none,0,0 days 00:09:32.300000000
893,573.31,CONTINUOUS,PLAYING,650.0,138.0,HIGH,undef,HIGH,none,0,0 days 00:09:33.310000000
894,573.55,EVENT_CRASH,PLAYING,600.0,138.0,HIGH,undef,HIGH,FARBOTTOMRIGHT,0,0 days 00:09:33.550000000
895,574.31,CONTINUOUS,PLAYING,600.0,134.0,HIGH,undef,HIGH,none,0,0 days 00:09:34.310000000
896,575.32,CONTINUOUS,PLAYING,600.0,131.0,HIGH,undef,HIGH,none,0,0 days 00:09:35.320000000
897,575.37,EVENT_CRASH,PLAYING,550.0,131.0,HIGH,undef,HIGH,"TOPLEFT, TOPRIGHT, BOTTOMRIGHT, MIDDLE",0,0 days 00:09:35.370000000
898,576.32,CONTINUOUS,PLAYING,550.0,127.0,HIGH,undef,HIGH,none,0,0 days 00:09:36.320000000
899,577.25,EVENT_OBSTACLE,PLAYING,550.0,127.0,HIGH,undef,HIGH,"TOPLEFT, TOPRIGHT, BOTTOMLEFT, MIDDLE",0,0 days 00:09:37.250000000
900,577.32,CONTINUOUS,PLAYING,550.0,127.0,HIGH,undef,HIGH,none,0,0 days 00:09:37.320000000
901,578.32,CONTINUOUS,PLAYING,550.0,129.0,HIGH,undef,HIGH,none,0,0 days 00:09:38.320000000
902,579.07,EVENT_OBSTACLE,PLAYING,550.0,132.0,HIGH,undef,HIGH,FARBOTTOMRIGHT,0,0 days 00:09:39.070000000
903,579.32,CONTINUOUS,PLAYING,550.0,132.0,HIGH,undef,HIGH,none,0,0 days 00:09:39.320000000
904,580.32,CONTINUOUS,PLAYING,550.0,134.0,HIGH,undef,HIGH,none,0,0 days 00:09:40.320000000
905,580.89,EVENT_OBSTACLE,PLAYING,550.0,134.0,HIGH,undef,HIGH,"TOPLEFT, BOTTOMLEFT, BOTTOMRIGHT, MIDDLE",0,0 days 00:09:40.890000000
906,581.32,CONTINUOUS,PLAYING,550.0,136.0,HIGH,undef,HIGH,none,0,0 days 00:09:41.320000000
907,582.32,CONTINUOUS,PLAYING,550.0,137.0,HIGH,undef,HIGH,none,0,0 days 00:09:42.320000000
908,582.72,EVENT_OBSTACLE,PLAYING,550.0,137.0,HIGH,undef,HIGH,"TOPLEFT, TOPRIGHT, BOTTOMLEFT, MIDDLE",0,0 days 00:09:42.720000000
909,583.32,CONTINUOUS,PLAYING,550.0,138.0,HIGH,undef,HIGH,none,0,0 days 00:09:43.320000000
910,584.33,CONTINUOUS,PLAYING,550.0,138.0,HIGH,undef,HIGH,none,0,0 days 00:09:44.330000000
911,584.54,EVENT_OBSTACLE,PLAYING,550.0,138.0,HIGH,undef,HIGH,"TOPRIGHT, BOTTOMLEFT, BOTTOMRIGHT, MIDDLE",0,0 days 00:09:44.540000000
912,585.33,CONTINUOUS,PLAYING,550.0,138.0,HIGH,undef,HIGH,none,0,0 days 00:09:45.330000000
913,586.34,CONTINUOUS,PLAYING,550.0,139.0,HIGH,undef,HIGH,none,0,0 days 00:09:46.340000000
914,586.36,EVENT_OBSTACLE,PLAYING,550.0,139.0,HIGH,undef,HIGH,"TOPLEFT, TOPRIGHT, BOTTOMRIGHT, MIDDLE",0,0 days 00:09:46.360000000
915,587.34,CONTINUOUS,PLAYING,550.0,140.0,HIGH,undef,HIGH,none,0,0 days 00:09:47.340000000
916,588.18,EVENT_OBSTACLE,PLAYING,550.0,140.0,HIGH,undef,HIGH,"TOPLEFT, TOPRIGHT, BOTTOMLEFT, MIDDLE",0,0 days 00:09:48.180000000
917,588.35,CONTINUOUS,PLAYING,550.0,140.0,HIGH,undef,HIGH,none,0,0 days 00:09:48.350000000
918,589.35,CONTINUOUS,PLAYING,550.0,140.0,HIGH,undef,HIGH,none,0,0 days 00:09:49.350000000
919,589.83,EVENT_PICKUP,PLAYING,550.0,141.0,HIGH,undef,HIGH,none,0,0 days 00:09:49.830000000
920,590.0,EVENT_OBSTACLE,PLAYING,550.0,141.0,HIGH,undef,HIGH,"TOPLEFT, TOPRIGHT, BOTTOMLEFT, MIDDLE",0,0 days 00:09:50.000000000
921,590.36,CONTINUOUS,PLAYING,550.0,141.0,HIGH,undef,HIGH,none,0,0 days 00:09:50.360000000
922,591.36,CONTINUOUS,PLAYING,650.0,142.0,HIGH,undef,HIGH,none,0,0 days 00:09:51.360000000
923,591.81,EVENT_OBSTACLE,PLAYING,650.0,141.0,HIGH,undef,HIGH,"TOPLEFT, TOPRIGHT, BOTTOMRIGHT, MIDDLE",0,0 days 00:09:51.810000000
924,592.36,CONTINUOUS,PLAYING,650.0,141.0,HIGH,undef,HIGH,none,0,0 days 00:09:52.360000000
925,593.36,CONTINUOUS,PLAYING,650.0,139.0,HIGH,undef,HIGH,none,0,0 days 00:09:53.360000000
926,593.65,EVENT_OBSTACLE,PLAYING,650.0,138.0,HIGH,undef,HIGH,"TOPLEFT, TOPRIGHT, BOTTOMRIGHT, MIDDLE",0,0 days 00:09:53.650000000
927,594.37,CONTINUOUS,PLAYING,650.0,138.0,HIGH,undef,HIGH,none,0,0 days 00:09:54.370000000
928,595.37,CONTINUOUS,PLAYING,650.0,140.0,HIGH,undef,HIGH,none,0,0 days 00:09:55.370000000
929,595.45,EVENT_PICKUP,PLAYING,650.0,140.0,HIGH,undef,HIGH,none,0,0 days 00:09:55.450000000
930,595.47,EVENT_OBSTACLE,PLAYING,650.0,140.0,HIGH,undef,HIGH,"TOPRIGHT, BOTTOMLEFT, BOTTOMRIGHT, MIDDLE",0,0 days 00:09:55.470000000
931,596.37,CONTINUOUS,PLAYING,750.0,141.0,HIGH,undef,HIGH,none,0,0 days 00:09:56.370000000
932,597.29,EVENT_OBSTACLE,PLAYING,750.0,141.0,HIGH,undef,HIGH,FARBOTTOMRIGHT,0,0 days 00:09:57.290000000
933,597.37,CONTINUOUS,PLAYING,750.0,141.0,HIGH,undef,HIGH,none,0,0 days 00:09:57.370000000
934,598.37,CONTINUOUS,PLAYING,750.0,141.0,HIGH,undef,HIGH,none,0,0 days 00:09:58.370000000
935,598.9,EVENT_PICKUP,PLAYING,750.0,141.0,HIGH,undef,HIGH,none,0,0 days 00:09:58.900000000
936,599.1,EVENT_OBSTACLE,PLAYING,750.0,141.0,HIGH,undef,HIGH,"TOPLEFT, TOPRIGHT, BOTTOMLEFT, MIDDLE",0,0 days 00:09:59.100000000
937,599.37,CONTINUOUS,PLAYING,750.0,139.0,HIGH,undef,HIGH,none,0,0 days 00:09:59.370000000
938,600.37,CONTINUOUS,PLAYING,850.0,136.0,HIGH,undef,HIGH,none,0,0 days 00:10:00.370000000
939,600.87,EVENT_PICKUP,PLAYING,850.0,136.0,HIGH,undef,HIGH,none,0,0 days 00:10:00.870000000
940,600.92,EVENT_OBSTACLE,PLAYING,850.0,136.0,HIGH,undef,HIGH,"TOPLEFT, BOTTOMLEFT, BOTTOMRIGHT, MIDDLE",0,0 days 00:10:00.920000000
941,601.37,CONTINUOUS,PLAYING,850.0,135.0,HIGH,undef,HIGH,none,0,0 days 00:10:01.370000000
942,602.39,CONTINUOUS,PLAYING,950.0,135.0,HIGH,undef,HIGH,none,0,0 days 00:10:02.390000000
943,602.74,EVENT_OBSTACLE,PLAYING,950.0,135.0,HIGH,undef,HIGH,"TOPLEFT, BOTTOMLEFT, BOTTOMRIGHT, MIDDLE",0,0 days 00:10:02.740000000
944,603.39,CONTINUOUS,PLAYING,950.0,135.0,HIGH,undef,HIGH,none,0,0 days 00:10:03.390000000
945,604.39,CONTINUOUS,PLAYING,950.0,136.0,HIGH,undef,HIGH,none,0,0 days 00:10:04.390000000
946,604.51,EVENT_CRASH,PLAYING,900.0,136.0,HIGH,undef,HIGH,"TOPRIGHT, BOTTOMLEFT, BOTTOMRIGHT, MIDDLE",0,0 days 00:10:04.510000000
947,605.39,CONTINUOUS,PLAYING,900.0,136.0,HIGH,undef,HIGH,none,0,0 days 00:10:05.390000000
948,606.38,EVENT_OBSTACLE,PLAYING,900.0,138.0,HIGH,undef,HIGH,FARBOTTOMLEFT,0,0 days 00:10:06.380000000
949,606.39,CONTINUOUS,PLAYING,900.0,138.0,HIGH,undef,HIGH,none,0,0 days 00:10:06.390000000
950,607.39,CONTINUOUS,PLAYING,900.0,140.0,HIGH,undef,HIGH,none,0,0 days 00:10:07.390000000
951,608.14,EVENT_CRASH,PLAYING,850.0,140.0,HIGH,undef,HIGH,"TOPLEFT, TOPRIGHT, BOTTOMLEFT, MIDDLE",0,0 days 00:10:08.140000000
952,608.39,CONTINUOUS,PLAYING,850.0,139.0,HIGH,undef,HIGH,none,0,0 days 00:10:08.390000000
953,609.39,CONTINUOUS,PLAYING,850.0,139.0,HIGH,undef,HIGH,none,0,0 days 00:10:09.390000000
954,610.01,EVENT_OBSTACLE,PLAYING,850.0,139.0,HIGH,undef,HIGH,"TOPLEFT, TOPRIGHT, BOTTOMLEFT, MIDDLE",0,0 days 00:10:10.010000000
955,610.4,CONTINUOUS,PLAYING,850.0,139.0,HIGH,undef,HIGH,none,0,0 days 00:10:10.400000000
956,611.4,CONTINUOUS,PLAYING,850.0,139.0,HIGH,undef,HIGH,none,0,0 days 00:10:11.400000000
957,611.83,EVENT_OBSTACLE,PLAYING,850.0,140.0,HIGH,undef,HIGH,"TOPLEFT, TOPRIGHT, BOTTOMRIGHT, MIDDLE",0,0 days 00:10:11.830000000
958,612.4,CONTINUOUS,PLAYING,850.0,140.0,HIGH,undef,HIGH,none,0,0 days 00:10:12.400000000
959,613.4,CONTINUOUS,PLAYING,850.0,141.0,HIGH,undef,HIGH,none,0,0 days 00:10:13.400000000
960,613.56,EVENT_PICKUP,PLAYING,850.0,141.0,HIGH,undef,HIGH,none,0,0 days 00:10:13.560000000
961,613.67,EVENT_OBSTACLE,PLAYING,850.0,141.0,HIGH,undef,HIGH,"TOPLEFT, TOPRIGHT, BOTTOMRIGHT, MIDDLE",0,0 days 00:10:13.670000000
962,614.4,CONTINUOUS,PLAYING,850.0,141.0,HIGH,undef,HIGH,none,0,0 days 00:10:14.400000000
963,615.4,CONTINUOUS,PLAYING,950.0,142.0,HIGH,undef,HIGH,none,0,0 days 00:10:15.400000000
964,615.48,EVENT_OBSTACLE,PLAYING,950.0,142.0,HIGH,undef,HIGH,FARBOTTOMLEFT,0,0 days 00:10:15.480000000
965,616.4,CONTINUOUS,PLAYING,950.0,141.0,HIGH,undef,HIGH,none,0,0 days 00:10:16.400000000
966,617.24,EVENT_CRASH,PLAYING,900.0,141.0,HIGH,undef,HIGH,FARBOTTOMLEFT,0,0 days 00:10:17.240000000
967,617.4,CONTINUOUS,PLAYING,900.0,135.0,HIGH,undef,HIGH,none,0,0 days 00:10:17.400000000
968,618.4,CONTINUOUS,PLAYING,900.0,128.0,HIGH,undef,HIGH,none,0,0 days 00:10:18.400000000
969,619.12,EVENT_OBSTACLE,PLAYING,900.0,128.0,HIGH,undef,HIGH,FARBOTTOMRIGHT,0,0 days 00:10:19.120000000
970,619.4,CONTINUOUS,PLAYING,900.0,128.0,HIGH,undef,HIGH,none,0,0 days 00:10:19.400000000
971,620.41,CONTINUOUS,PLAYING,900.0,128.0,HIGH,undef,HIGH,none,0,0 days 00:10:20.410000000
972,620.74,EVENT_PICKUP,PLAYING,900.0,128.0,HIGH,undef,HIGH,none,0,0 days 00:10:20.740000000
973,620.94,EVENT_OBSTACLE,PLAYING,900.0,128.0,HIGH,undef,HIGH,"TOPLEFT, TOPRIGHT, BOTTOMLEFT, MIDDLE",0,0 days 00:10:20.940000000
974,621.41,CONTINUOUS,PLAYING,900.0,130.0,HIGH,undef,HIGH,none,0,0 days 00:10:21.410000000
975,622.31,EVENT_OBSTACLE,GAMEOVER,1000.0,132.0,HIGH,undef,HIGH,FARBOTTOMLEFT,0,0 days 00:10:22.310000000
976,622.31,EVENT_OBSTACLE,GAMEOVER,1000.0,136.0,HIGH,undef,HIGH,"TOPLEFT, BOTTOMLEFT, BOTTOMRIGHT, MIDDLE",0,0 days 00:10:22.310000000
977,622.31,EVENT_OBSTACLE,GAMEOVER,1000.0,137.0,HIGH,undef,HIGH,FARBOTTOMRIGHT,0,0 days 00:10:22.310000000
978,622.31,EVENT_OBSTACLE,GAMEOVER,1000.0,130.0,HIGH,undef,HIGH,"TOPLEFT, BOTTOMLEFT, BOTTOMRIGHT, MIDDLE",0,0 days 00:10:22.310000000
